Workbook

Sheet NSB antiguo
A1: Número | B1: Título | C1: Autor | D1: En el nuevo? | E1: En HTML?
A2: 1 | B2: A Belén se va y se viene | C2: Miguel Manzano | D2: =IF(ISNUMBER(MATCH(Tabla4[[#This Row],[Título]],CantoralDB[Título],0)),"OK","-") -> OK | E2: OK
A3: 2 | B3: Aclamad, justos, al Señor | C3: Francisco Palazón | D3: =IF(ISNUMBER(MATCH(Tabla4[[#This Row],[Título]],CantoralDB[Título],0)),"OK","-") -> OK | E3: -
A4: 3 | B4: Acuérdate de Jesucristo | C4: Deiss | D4: =IF(ISNUMBER(MATCH(Tabla4[[#This Row],[Título]],CantoralDB[Título],0)),"OK","-") -> OK | E4: -
A5: 4 | B5: A Dios den gracias los pueblos | C5: Juan Antonio Espinosa | D5: =IF(ISNUMBER(MATCH(Tabla4[[#This Row],[Título]],CantoralDB[Título],0)),"OK","-") -> OK | E5: OK
A6: 5 | B6: Abrid de par en par | C6: Perp. Socorro | D6: =IF(ISNUMBER(MATCH(Tabla4[[#This Row],[Título]],CantoralDB[Título],0)),"OK","-") -> OK | E6: -
A7: 6 | B7: Acompáñame, Señor, en la tribulación | C7: Francisco Palazón | D7: =IF(ISNUMBER(MATCH(Tabla4[[#This Row],[Título]],CantoralDB[Título],0)),"OK","-") -> OK | E7: -
A8: 7 | B8: Amáras al Señor tu Dios | C8: Perp. Socorro | D8: =IF(ISNUMBER(MATCH(Tabla4[[#This Row],[Título]],CantoralDB[Título],0)),"OK","-") -> - | E8: -
A9: 8 | B9: Abre tu tienda al Señor | C9: Carmelo Erdozáin | D9: =IF(ISNUMBER(MATCH(Tabla4[[#This Row],[Título]],CantoralDB[Título],0)),"OK","-") -> OK | E9: OK
A10: 9 | B10: Acerquémonos todos al altar | C10: Francisco Palazón | D10: =IF(ISNUMBER(MATCH(Tabla4[[#This Row],[Título]],CantoralDB[Título],0)),"OK","-") -> OK | E10: OK
A11: 10 | B11: Alegrémonos, hermanos | C11: José Pedro Martins | D11: =IF(ISNUMBER(MATCH(Tabla4[[#This Row],[Título]],CantoralDB[Título],0)),"OK","-") -> OK | E11: OK
A12: 11 | B12: Aclama al Señor, tierra entera | C12: Miguel Manzano | D12: =IF(ISNUMBER(MATCH(Tabla4[[#This Row],[Título]],CantoralDB[Título],0)),"OK","-") -> OK | E12: -
A13: 12 | B13: Al ver Jesús | C13: Joaquín Madurga | D13: =IF(ISNUMBER(MATCH(Tabla4[[#This Row],[Título]],CantoralDB[Título],0)),"OK","-") -> OK | E13: OK
... A54: 53 | B54: Cómo le cantaré al Señor | C54: Ricardo Cantalapiedra | D54: =IF(ISNUMBER(MATCH(Tabla4[[#This Row],[Título]],CantoralDB[Título],0)),"OK","-") -> OK | E54: -
A55: 53b | B55: Cielos, destilad el rocío | C55: Antonio Alcalde | D55: =IF(ISNUMBER(MATCH(Tabla4[[#This Row],[Título]],CantoralDB[Título],0)),"OK","-") -> OK | E55: -
A56: 54 | B56: Como lo había anunciado | C56: Capilla | D56: =IF(ISNUMBER(MATCH(Tabla4[[#This Row],[Título]],CantoralDB[Título],0)),"OK","-") -> OK | E56: -
A57: 55 | B57: Cristo fue sincero | C57: Carmelo Erdozáin | D57: =IF(ISNUMBER(MATCH(Tabla4[[#This Row],[Título]],CantoralDB[Título],0)),"OK","-") -> OK | E57: -
A58: 56 | B58: Como Jonás | C58: Al-Haraca | D58: =IF(ISNUMBER(MATCH(Tabla4[[#This Row],[Título]],CantoralDB[Título],0)),"OK","-") -> OK | E58: -
A59: 57 | B59: Cristo se entregó por nosotros | C59: Carmelo Erdozáin | D59: =IF(ISNUMBER(MATCH(Tabla4[[#This Row],[Título]],CantoralDB[Título],0)),"OK","-") -> OK | E59: -
A60: 58 | B60: Cristo es la imagen de Dios | C60: Carmelo Erdozáin | D60: =IF(ISNUMBER(MATCH(Tabla4[[#This Row],[Título]],CantoralDB[Título],0)),"OK","-") -> OK | E60: -
A61: 59 | B61: Cristo por nosotros | C61: Carmelo Erdozáin | D61: =IF(ISNUMBER(MATCH(Tabla4[[#This Row],[Título]],CantoralDB[Título],0)),"OK","-") -> OK | E61: OK
A62: 60 | B62: Con vosotros está | C62: Miguel Manzano | D62: =IF(ISNUMBER(MATCH(Tabla4[[#This Row],[Título]],CantoralDB[Título],0)),"OK","-") -> OK | E62: OK
A63: 61 | B63: Creo, Señor, firmemente | C63: Misa nicaragüense | D63: =IF(ISNUMBER(MATCH(Tabla4[[#This Row],[Título]],CantoralDB[Título],0)),"OK","-") -> OK | E63: -
A64: 62 | B64: Criaturas del Señor | C64: Francisco Palazón | D64: =IF(ISNUMBER(MATCH(Tabla4[[#This Row],[Título]],CantoralDB[Título],0)),"OK","-") -> OK | E64: -
A65: 63 | B65: Cristo nos da la libertad | C65: Carmelo Erdozáin | D65: =IF(ISNUMBER(MATCH(Tabla4[[#This Row],[Título]],CantoralDB[Título],0)),"OK","-") -> OK | E65: OK
A66: 64 | B66: Creo en Dios y en su Palabra | C66: Fdo Viejo | D66: =IF(ISNUMBER(MATCH(Tabla4[[#This Row],[Título]],CantoralDB[Título],0)),"OK","-") -> OK | E66: -
A67: 65 | B67: Cristo ha resucitado | C67: Taizé | D67: =IF(ISNUMBER(MATCH(Tabla4[[#This Row],[Título]],CantoralDB[Título],0)),"OK","-") -> OK | E67: OK
A68: 65b | B68: Comeremos de la mesa | C68: Juanjo Elezkano | D68: =IF(ISNUMBER(MATCH(Tabla4[[#This Row],[Título]],CantoralDB[Título],0)),"OK","-") -> OK | E68: OK
A69: 66 | B69: Cuándo vendrás, Señor | C69: Miguel Manzano | D69: =IF(ISNUMBER(MATCH(Tabla4[[#This Row],[Título]],CantoralDB[Título],0)),"OK","-") -> OK | E69: -
A70: 67 | B70: Cuando el pobre nada tiene | C70: Miguel Manzano | D70: =IF(ISNUMBER(MATCH(Tabla4[[#This Row],[Título]],CantoralDB[Título],0)),"OK","-") -> OK | E70: OK
A71: 68 | B71: Cuántos años han de pasar | C71: Carmelo Erdozáin | D71: =IF(ISNUMBER(MATCH(Tabla4[[#This Row],[Título]],CantoralDB[Título],0)),"OK","-") -> OK | E71: -
A72: 69 | B72: Cuando el pan que está en mi vida | C72: JEC | D72: =IF(ISNUMBER(MATCH(Tabla4[[#This Row],[Título]],CantoralDB[Título],0)),"OK","-") -> OK | E72: -
A73: 70 | B73: Cuando rezamos, cuando cantamos | C73: Cesáreo Gabarain | D73: =IF(ISNUMBER(MATCH(Tabla4[[#This Row],[Título]],CantoralDB[Título],0)),"OK","-") -> OK | E73: -
A74: 71 | B74: Dad gracias al Señor porque es bueno | C74: Francisco Palazón | D74: =IF(ISNUMBER(MATCH(Tabla4[[#This Row],[Título]],CantoralDB[Título],0)),"OK","-") -> OK | E74: -
A75: 72 | B75: Danos paz | C75: Popular | D75: =IF(ISNUMBER(MATCH(Tabla4[[#This Row],[Título]],CantoralDB[Título],0)),"OK","-") -> OK | E75: -
A76: 73 | B76: Dad gracias al Señor porque es bueno, porque su amor no tiene fin | C76: Juan Antonio Espinosa | D76: =IF(ISNUMBER(MATCH(Tabla4[[#This Row],[Título]],CantoralDB[Título],0)),"OK","-") -> - | E76: -
A77: 74 | B77: Dame, Señor, un corazón feliz | C77: Perp. Socorro | D77: =IF(ISNUMBER(MATCH(Tabla4[[#This Row],[Título]],CantoralDB[Título],0)),"OK","-") -> OK | E77: -
A78: 75 | B78: Danos un corazón | C78: Juan Antonio Espinosa | D78: =IF(ISNUMBER(MATCH(Tabla4[[#This Row],[Título]],CantoralDB[Título],0)),"OK","-") -> OK | E78: OK
A79: 76 | B79: Donde tú dices ley | C79: Ricardo Cantalapiedra | D79: =IF(ISNUMBER(MATCH(Tabla4[[#This Row],[Título]],CantoralDB[Título],0)),"OK","-") -> OK | E79: -
A80: 77 | B80: Dolorosa | C80: Juan Antonio Espinosa | D80: =IF(ISNUMBER(MATCH(Tabla4[[#This Row],[Título]],CantoralDB[Título],0)),"OK","-") -> OK | E80: OK
... A84: 81 | B84: De Jerusalén bajaba a Jericó | C84: Cantos S Cateq | D84: =IF(ISNUMBER(MATCH(Tabla4[[#This Row],[Título]],CantoralDB[Título],0)),"OK","-") -> OK | E84: OK
A85: 81b | B85: Despiértanos, levántanos | C85: Carmelo Erdozáin | D85: =IF(ISNUMBER(MATCH(Tabla4[[#This Row],[Título]],CantoralDB[Título],0)),"OK","-") -> - | E85: -
A86: 82 | B86: Dios te salve, María | C86: Carmelo Erdozáin | D86: =IF(ISNUMBER(MATCH(Tabla4[[#This Row],[Título]],CantoralDB[Título],0)),"OK","-") -> OK | E86: -
A87: 83 | B87: Dios es fiel | C87: Taule | D87: =IF(ISNUMBER(MATCH(Tabla4[[#This Row],[Título]],CantoralDB[Título],0)),"OK","-") -> OK | E87: OK
A88: 84 | B88: Donde hay caridad y amor | C88: Joaquín Madurga | D88: =IF(ISNUMBER(MATCH(Tabla4[[#This Row],[Título]],CantoralDB[Título],0)),"OK","-") -> OK | E88: OK
A89: 85 | B89: Dios te salve, mi señora | C89: Emilio Vicente | D89: =IF(ISNUMBER(MATCH(Tabla4[[#This Row],[Título]],CantoralDB[Título],0)),"OK","-") -> OK | E89: -
A90: 86 | B90: Dime, niño | C90: Popular | D90: =IF(ISNUMBER(MATCH(Tabla4[[#This Row],[Título]],CantoralDB[Título],0)),"OK","-") -> OK | E90: OK
A91: 87 | B91: Dios te salve, María, llena eres de gracia | C91: Carmelo Erdozáin | D91: =IF(ISNUMBER(MATCH(Tabla4[[#This Row],[Título]],CantoralDB[Título],0)),"OK","-") -> OK | E91: -
A92: 88 | B92: De la Virgen ha nacido el Niño | C92: Antonio Alcalde | D92: =IF(ISNUMBER(MATCH(Tabla4[[#This Row],[Título]],CantoralDB[Título],0)),"OK","-") -> OK | E92: -
A93: 89 | B93: En el trabajo de cada día | C93: Cesáreo Gabarain | D93: =IF(ISNUMBER(MATCH(Tabla4[[#This Row],[Título]],CantoralDB[Título],0)),"OK","-") -> OK | E93: -
A94: 90 | B94: El pueblo gime en el dolor | C94: Miguel Manzano | D94: =IF(ISNUMBER(MATCH(Tabla4[[#This Row],[Título]],CantoralDB[Título],0)),"OK","-") -> OK | E94: -
A95: 91 | B95: El que escucha mis palabras | C95: Francisco Palazón | D95: =IF(ISNUMBER(MATCH(Tabla4[[#This Row],[Título]],CantoralDB[Título],0)),"OK","-") -> - | E95: -
A96: 92 | B96: El Señor nos ha nacido en Belén | C96: Emilio Vicente Mateu | D96: =IF(ISNUMBER(MATCH(Tabla4[[#This Row],[Título]],CantoralDB[Título],0)),"OK","-") -> OK | E96: OK
A97: 93 | B97: El auxilio me viene del Señor | C97: Francisco Palazón | D97: =IF(ISNUMBER(MATCH(Tabla4[[#This Row],[Título]],CantoralDB[Título],0)),"OK","-") -> OK | E97: -
... A250: 246 | B250: Somos un solo cuerpo | C250: Emilio Vicente Mateu | D250: =IF(ISNUMBER(MATCH(Tabla4[[#This Row],[Título]],CantoralDB[Título],0)),"OK","-") -> OK | E250: -
A251: 246b | B251: Señor, Dios nuestro, restáuranos | C251: Antonio Alcalde | D251: =IF(ISNUMBER(MATCH(Tabla4[[#This Row],[Título]],CantoralDB[Título],0)),"OK","-") -> OK | E251: -
A252: 247 | B252: Siempre que es Navidad | C252: Juanjo Elezkano | D252: =IF(ISNUMBER(MATCH(Tabla4[[#This Row],[Título]],CantoralDB[Título],0)),"OK","-") -> OK | E252: -
A253: 248 | B253: Soy un pobre pastorcillo | C253: Popular | D253: =IF(ISNUMBER(MATCH(Tabla4[[#This Row],[Título]],CantoralDB[Título],0)),"OK","-") -> OK | E253: -
A254: 249 | B254: Si cada noche | C254: Gregorio Fdez | D254: =IF(ISNUMBER(MATCH(Tabla4[[#This Row],[Título]],CantoralDB[Título],0)),"OK","-") -> - | E254: -
A255: 250 | B255: Si sabes de humildad y sencillez | C255: Gregorio Fdez | D255: =IF(ISNUMBER(MATCH(Tabla4[[#This Row],[Título]],CantoralDB[Título],0)),"OK","-") -> - | E255: -
A256: 251 | B256: Tú nos dijiste que la muerte | C256: Cesáreo Gabarain | D256: =IF(ISNUMBER(MATCH(Tabla4[[#This Row],[Título]],CantoralDB[Título],0)),"OK","-") -> OK | E256: OK
A257: 252 | B257: Te alabo, Señor | C257: Kairoi | D257: =IF(ISNUMBER(MATCH(Tabla4[[#This Row],[Título]],CantoralDB[Título],0)),"OK","-") -> OK | E257: -
A258: 253 | B258: Tiéndeme tu mano | C258: Valmaseda | D258: =IF(ISNUMBER(MATCH(Tabla4[[#This Row],[Título]],CantoralDB[Título],0)),"OK","-") -> OK | E258: -
A259: 254 | B259: Tu Palabra me da vida | C259: Juan Antonio Espinosa | D259: =IF(ISNUMBER(MATCH(Tabla4[[#This Row],[Título]],CantoralDB[Título],0)),"OK","-") -> OK | E259: OK
A260: 255 | B260: Tengo que gritar | C260: Anónimo | D260: =IF(ISNUMBER(MATCH(Tabla4[[#This Row],[Título]],CantoralDB[Título],0)),"OK","-") -> OK | E260: OK
A261: 256 | B261: Te buscamos, Señor | C261: Emilio Vicente Mateu | D261: =IF(ISNUMBER(MATCH(Tabla4[[#This Row],[Título]],CantoralDB[Título],0)),"OK","-") -> OK | E261: -
A262: 257 | B262: Te ensalzaré, Señor | C262: Ricardo Cantalapiedra | D262: =IF(ISNUMBER(MATCH(Tabla4[[#This Row],[Título]],CantoralDB[Título],0)),"OK","-") -> OK | E262: OK
A263: 258 | B263: Te damos gracias, Señor | C263: Juan Antonio Espinosa | D263: =IF(ISNUMBER(MATCH(Tabla4[[#This Row],[Título]],CantoralDB[Título],0)),"OK","-") -> OK | E263: OK
... A280: 275 | B280: Unidos en la fiesta | C280: Joaquín Madurga | D280: =IF(ISNUMBER(MATCH(Tabla4[[#This Row],[Título]],CantoralDB[Título],0)),"OK","-") -> OK | E280: OK
A281: 275b | B281: Únenos, Señor Jesús | C281: Antonio Alcalde | D281: =IF(ISNUMBER(MATCH(Tabla4[[#This Row],[Título]],CantoralDB[Título],0)),"OK","-") -> OK | E281: -
A282: 276 | B282: Un corazón arrepentido | C282: Juanjo Elezkano | D282: =IF(ISNUMBER(MATCH(Tabla4[[#This Row],[Título]],CantoralDB[Título],0)),"OK","-") -> OK | E282: -
A283: 277 | B283: Vamos cantando al Señor | C283: Juan Antonio Espinosa | D283: =IF(ISNUMBER(MATCH(Tabla4[[#This Row],[Título]],CantoralDB[Título],0)),"OK","-") -> OK | E283: OK
A284: 278 | B284: Vienen con alegría | C284: Cesáreo Gabarain | D284: =IF(ISNUMBER(MATCH(Tabla4[[#This Row],[Título]],CantoralDB[Título],0)),"OK","-") -> OK | E284: OK
A285: 279 | B285: Vamos a la Cena | C285: Misa nicaragüense | D285: =IF(ISNUMBER(MATCH(Tabla4[[#This Row],[Título]],CantoralDB[Título],0)),"OK","-") -> OK | E285: -
A286: 280 | B286: Ven a nuestro mundo | C286: Dubé | D286: =IF(ISNUMBER(MATCH(Tabla4[[#This Row],[Título]],CantoralDB[Título],0)),"OK","-") -> OK | E286: -
A287: 281 | B287: Ven, Salvador, ven a salvar a tu pueblo | C287: Francisco Palazón | D287: =IF(ISNUMBER(MATCH(Tabla4[[#This Row],[Título]],CantoralDB[Título],0)),"OK","-") -> - | E287: -
A288: 282 | B288: Vendrá la libertad | C288: Emilio Vicente Mateu | D288: =IF(ISNUMBER(MATCH(Tabla4[[#This Row],[Título]],CantoralDB[Título],0)),"OK","-") -> OK | E288: -
A289: 283 | B289: Ven, Salvador | C289: Carmelo Erdozáin | D289: =IF(ISNUMBER(MATCH(Tabla4[[#This Row],[Título]],CantoralDB[Título],0)),"OK","-") -> OK | E289: OK
A290: 284 | B290: Vamos a preparar | C290: Carmelo Erdozáin | D290: =IF(ISNUMBER(MATCH(Tabla4[[#This Row],[Título]],CantoralDB[Título],0)),"OK","-") -> OK | E290: OK
A291: 285 | B291: Vamos todos al banquete | C291: Misa salvadoreña | D291: =IF(ISNUMBER(MATCH(Tabla4[[#This Row],[Título]],CantoralDB[Título],0)),"OK","-") -> OK | E291: OK
A292: 286 | B292: Victoria, tú reinarás | C292: Julien | D292: =IF(ISNUMBER(MATCH(Tabla4[[#This Row],[Título]],CantoralDB[Título],0)),"OK","-") -> OK | E292: OK
A293: 287 | B293: Vamos buscando la verdad | C293: Joaquín Madurga | D293: =IF(ISNUMBER(MATCH(Tabla4[[#This Row],[Título]],CantoralDB[Título],0)),"OK","-") -> OK | E293: -
... A303: 297 | B303: Yo canto al Señor porque es grande | C303: Juan Antonio Espinosa | D303: =IF(ISNUMBER(MATCH(Tabla4[[#This Row],[Título]],CantoralDB[Título],0)),"OK","-") -> - | E303: -
A304: 300 | B304: Adiós, adiós amigos | D304: =IF(ISNUMBER(MATCH(Tabla4[[#This Row],[Título]],CantoralDB[Título],0)),"OK","-") -> OK | E304: -
A305: 301 | B305: Creo en Jesús | D305: =IF(ISNUMBER(MATCH(Tabla4[[#This Row],[Título]],CantoralDB[Título],0)),"OK","-") -> OK | E305: -
A306: 302 | B306: Cristo te necesita para amar | D306: =IF(ISNUMBER(MATCH(Tabla4[[#This Row],[Título]],CantoralDB[Título],0)),"OK","-") -> OK | E306: -
A307: 303 | B307: Gloria y alabanza | D307: =IF(ISNUMBER(MATCH(Tabla4[[#This Row],[Título]],CantoralDB[Título],0)),"OK","-") -> OK | E307: OK
A308: 304 | B308: Jesús es la Verdad | D308: =IF(ISNUMBER(MATCH(Tabla4[[#This Row],[Título]],CantoralDB[Título],0)),"OK","-") -> - | E308: -
A309: 305 | B309: Juntos cantaremos con la voz de la canción | D309: =IF(ISNUMBER(MATCH(Tabla4[[#This Row],[Título]],CantoralDB[Título],0)),"OK","-") -> OK | E309: -
A310: 306 | B310: La Misa es una fiesta muy alegre | D310: =IF(ISNUMBER(MATCH(Tabla4[[#This Row],[Título]],CantoralDB[Título],0)),"OK","-") -> OK | E310: -
A311: 307 | B311: La Misa no termina aquí en la iglesia | D311: =IF(ISNUMBER(MATCH(Tabla4[[#This Row],[Título]],CantoralDB[Título],0)),"OK","-") -> OK | E311: -
A312: 308 | B312: Nadie hay tan grande como tú | D312: =IF(ISNUMBER(MATCH(Tabla4[[#This Row],[Título]],CantoralDB[Título],0)),"OK","-") -> OK | E312: -
A313: 309 | B313: Somos los que hacemos puentes | D313: =IF(ISNUMBER(MATCH(Tabla4[[#This Row],[Título]],CantoralDB[Título],0)),"OK","-") -> OK | E313: -
A314: 310 | B314: Tomado de la mano | D314: =IF(ISNUMBER(MATCH(Tabla4[[#This Row],[Título]],CantoralDB[Título],0)),"OK","-") -> OK | E314: OK
A315: 311 | B315: Yo tengo un amigo que me ama | D315: =IF(ISNUMBER(MATCH(Tabla4[[#This Row],[Título]],CantoralDB[Título],0)),"OK","-") -> OK | E315: -
... A319: 315 | B319: Yo pensaba que el hombre era grande | D319: =IF(ISNUMBER(MATCH(Tabla4[[#This Row],[Título]],CantoralDB[Título],0)),"OK","-") -> OK | E319: -
A320: 401 | B320: Abba, Padre | D320: =IF(ISNUMBER(MATCH(Tabla4[[#This Row],[Título]],CantoralDB[Título],0)),"OK","-") -> -
A321: 402 | B321: Abro mi ser | D321: =IF(ISNUMBER(MATCH(Tabla4[[#This Row],[Título]],CantoralDB[Título],0)),"OK","-") -> OK
A322: 403 | B322: Aleluya (Santiago) | D322: =IF(ISNUMBER(MATCH(Tabla4[[#This Row],[Título]],CantoralDB[Título],0)),"OK","-") -> OK
A323: 404 | B323: Alelualeluya | D323: =IF(ISNUMBER(MATCH(Tabla4[[#This Row],[Título]],CantoralDB[Título],0)),"OK","-") -> -
...

Sheet CantoralDB
A1: # | B1: Título | C1: Momento | D1: Número | E1: Número antiguo | F1: Número RCC | G1: Origen | H1: Tono | I1: Cejilla | J1: html | K1: Ag/Gr | L1: Columna1 | M1: Autor | N1: Álbum | O1: Nº | P1: Año | Q1: Carpeta | R1: Sección | S1: Ruta | T1: Referencia | U1: Linked | V1: link | W1: index.html | X1: check
A2: =ROW(CantoralDB[[#This Row],[Título]])-1 -> 1 | B2: Yo soy el que vive | H2: Re | J2: OK | M2: Ain Karem | N2: A todos los pueblos | O2: 1 | P2: 2010 | Q2: {=IF(OR(CantoralDB[[#This Row],[Autor]]="Taizé en español",CantoralDB[[#This Row],[Autor]]="Taizé original",CantoralDB[[#This Row],[Autor]]="Taizé"),"taize", IFERROR(_xlfn.XLOOKUP(CantoralDB[[#This Row],[Autor]],_xlfn.CHOOSECOLS(_xlfn.ANCHORARRAY(secciones!$A$3),1),_xlfn.CHOOSECOLS(_xlfn.ANCHORARRAY(secciones!$A$3),2)), IF(OR(CantoralDB[[#This Row],[Número antiguo]]<>"",CantoralDB[[#This Row],[Número]]<>""),"nsb","nuevas" )))} -> ain_karem | R2: {=IF(CantoralDB[[#This Row],[Autor]]="Taizé original","taize_orig", IF(CantoralDB[[#This Row],[Autor]]="Taizé en español","taize_esp", IF(CantoralDB[[#This Row],[Autor]]="Villancicos","villancicos", IF(OR(CantoralDB[[#This Row],[Número antiguo]]<>"",CantoralDB[[#This Row],[Número]]<>""),"nsb", IF(CantoralDB[[#This Row],[Número RCC]]<>"","rcce", IFERROR(_xlfn.XLOOKUP(CantoralDB[[#This Row],[Autor]],_xlfn.CHOOSECOLS(_xlfn.ANCHORARRAY(secciones!$A$3),1),_xlfn.CHOOSECOLS(_xlfn.ANCHORARRAY(secciones!$A$3),2)),"nuevas") )))))} -> ain_karem | S2: ="canciones/"&CantoralDB[[#This Row],[Carpeta]]&"/"&IF(CantoralDB[[#This Row],[Autor]]="Taizé en español", SUBSTITUTE(SUBSTITUTE(SUBSTITUTE(SUBSTITUTE(SUBSTITUTE(SUBSTITUTE(SUBSTITUTE(SUBSTITUTE(SUBSTITUTE(SUBSTITUTE(SUBSTITUTE(LOWER(CantoralDB[[#This Row],[Linked]]),"á","a"),"é","e"),"í","i"),"ó","o"),"ú","u")," ","_"),"¿",""),"?",""),"¡",""),"!",""),",","")&".html", SUBSTITUTE(SUBSTITUTE(SUBSTITUTE(SUBSTITUTE(SUBSTITUTE(SUBSTITUTE(SUBSTITUTE(SUBSTITUTE(SUBSTITUTE(SUBSTITUTE(SUBSTITUTE(LOWER(CantoralDB[[#This Row],[Título]]),"á","a"),"é","e"),"í","i"),"ó","o"),"ú","u")," ","_"),"¿",""),"?",""),"¡",""),"!",""),",","")&".html") -> canciones/ain_karem/yo_soy_el_que_vive.html | V2: https://open.spotify.com/intl-es/track/45hdRERkPk24IlujX4dlXq?si=4544995abc384cf4 | W2: =IF(CantoralDB[[#This Row],[Linked]]="X","","<li"& IF(CantoralDB[[#This Row],[Autor]]="-",""," data-author="""&CantoralDB[[#This Row],[Autor]]&"""")& IF(ISBLANK(CantoralDB[[#This Row],[Momento]]),""," data-momento="""&CantoralDB[[#This Row],[Momento]]&"""")& IF(ISBLANK(CantoralDB[[#This Row],[Número]]),""," data-nnew="""&CantoralDB[[#This Row],[Número]]&"""")& IF(ISBLANK(CantoralDB[[#This Row],[Número antiguo]]),""," data-nold="""&CantoralDB[[#This Row],[Número antiguo]]&"""")& IF(ISBLANK(CantoralDB[[#This Row],[Número RCC]]),""," data-nrcc="""&CantoralDB[[#This Row],[Número RCC]]&"""")& "><a href="""&CantoralDB[[#This Row],[Ruta]]&""">"&CantoralDB[[#This Row],[Título]]&"</a></li>") -> <li data-author="Ain Karem"><a href="canciones/ain_karem/yo_soy_el_que_vive.html">Yo soy el que vive</a></li> | X2: =_xlfn.TEXTBEFORE(_xlfn.TEXTAFTER(CantoralDB[[#This Row],[index.html]],">"),">")&">" -> <a href="canciones/ain_karem/yo_soy_el_que_vive.html">
A3: =ROW(CantoralDB[[#This Row],[Título]])-1 -> 2 | B3: Que se alegren tus entrañas | H3: La | I3: cej1 | J3: OK | M3: Ain Karem | N3: A todos los pueblos | O3: 2 | P3: 2010 | Q3: {=IF(OR(CantoralDB[[#This Row],[Autor]]="Taizé en español",CantoralDB[[#This Row],[Autor]]="Taizé original",CantoralDB[[#This Row],[Autor]]="Taizé"),"taize", IFERROR(_xlfn.XLOOKUP(CantoralDB[[#This Row],[Autor]],_xlfn.CHOOSECOLS(_xlfn.ANCHORARRAY(secciones!$A$3),1),_xlfn.CHOOSECOLS(_xlfn.ANCHORARRAY(secciones!$A$3),2)), IF(OR(CantoralDB[[#This Row],[Número antiguo]]<>"",CantoralDB[[#This Row],[Número]]<>""),"nsb","nuevas" )))} -> ain_karem | R3: {=IF(CantoralDB[[#This Row],[Autor]]="Taizé original","taize_orig", IF(CantoralDB[[#This Row],[Autor]]="Taizé en español","taize_esp", IF(CantoralDB[[#This Row],[Autor]]="Villancicos","villancicos", IF(OR(CantoralDB[[#This Row],[Número antiguo]]<>"",CantoralDB[[#This Row],[Número]]<>""),"nsb", IF(CantoralDB[[#This Row],[Número RCC]]<>"","rcce", IFERROR(_xlfn.XLOOKUP(CantoralDB[[#This Row],[Autor]],_xlfn.CHOOSECOLS(_xlfn.ANCHORARRAY(secciones!$A$3),1),_xlfn.CHOOSECOLS(_xlfn.ANCHORARRAY(secciones!$A$3),2)),"nuevas") )))))} -> ain_karem | S3: ="canciones/"&CantoralDB[[#This Row],[Carpeta]]&"/"&IF(CantoralDB[[#This Row],[Autor]]="Taizé en español", SUBSTITUTE(SUBSTITUTE(SUBSTITUTE(SUBSTITUTE(SUBSTITUTE(SUBSTITUTE(SUBSTITUTE(SUBSTITUTE(SUBSTITUTE(SUBSTITUTE(SUBSTITUTE(LOWER(CantoralDB[[#This Row],[Linked]]),"á","a"),"é","e"),"í","i"),"ó","o"),"ú","u")," ","_"),"¿",""),"?",""),"¡",""),"!",""),",","")&".html", SUBSTITUTE(SUBSTITUTE(SUBSTITUTE(SUBSTITUTE(SUBSTITUTE(SUBSTITUTE(SUBSTITUTE(SUBSTITUTE(SUBSTITUTE(SUBSTITUTE(SUBSTITUTE(LOWER(CantoralDB[[#This Row],[Título]]),"á","a"),"é","e"),"í","i"),"ó","o"),"ú","u")," ","_"),"¿",""),"?",""),"¡",""),"!",""),",","")&".html") -> canciones/ain_karem/que_se_alegren_tus_entrañas.html | V3: https://open.spotify.com/intl-es/track/5Fcz0xhDUSg7nUsrjFylAD?si=0d98458416ed4dbd | W3: =IF(CantoralDB[[#This Row],[Linked]]="X","","<li"& IF(CantoralDB[[#This Row],[Autor]]="-",""," data-author="""&CantoralDB[[#This Row],[Autor]]&"""")& IF(ISBLANK(CantoralDB[[#This Row],[Momento]]),""," data-momento="""&CantoralDB[[#This Row],[Momento]]&"""")& IF(ISBLANK(CantoralDB[[#This Row],[Número]]),""," data-nnew="""&CantoralDB[[#This Row],[Número]]&"""")& IF(ISBLANK(CantoralDB[[#This Row],[Número antiguo]]),""," data-nold="""&CantoralDB[[#This Row],[Número antiguo]]&"""")& IF(ISBLANK(CantoralDB[[#This Row],[Número RCC]]),""," data-nrcc="""&CantoralDB[[#This Row],[Número RCC]]&"""")& "><a href="""&CantoralDB[[#This Row],[Ruta]]&""">"&CantoralDB[[#This Row],[Título]]&"</a></li>") -> <li data-author="Ain Karem"><a href="canciones/ain_karem/que_se_alegren_tus_entrañas.html">Que se alegren tus entrañas</a></li> | X3: =_xlfn.TEXTBEFORE(_xlfn.TEXTAFTER(CantoralDB[[#This Row],[index.html]],">"),">")&">" -> <a href="canciones/ain_karem/que_se_alegren_tus_entrañas.html">
A4: =ROW(CantoralDB[[#This Row],[Título]])-1 -> 3 | B4: Palabra | H4: Do | I4: cej5 | J4: OK | M4: Ain Karem | N4: A todos los pueblos | O4: 3 | P4: 2010 | Q4: {=IF(OR(CantoralDB[[#This Row],[Autor]]="Taizé en español",CantoralDB[[#This Row],[Autor]]="Taizé original",CantoralDB[[#This Row],[Autor]]="Taizé"),"taize", IFERROR(_xlfn.XLOOKUP(CantoralDB[[#This Row],[Autor]],_xlfn.CHOOSECOLS(_xlfn.ANCHORARRAY(secciones!$A$3),1),_xlfn.CHOOSECOLS(_xlfn.ANCHORARRAY(secciones!$A$3),2)), IF(OR(CantoralDB[[#This Row],[Número antiguo]]<>"",CantoralDB[[#This Row],[Número]]<>""),"nsb","nuevas" )))} -> ain_karem | R4: {=IF(CantoralDB[[#This Row],[Autor]]="Taizé original","taize_orig", IF(CantoralDB[[#This Row],[Autor]]="Taizé en español","taize_esp", IF(CantoralDB[[#This Row],[Autor]]="Villancicos","villancicos", IF(OR(CantoralDB[[#This Row],[Número antiguo]]<>"",CantoralDB[[#This Row],[Número]]<>""),"nsb", IF(CantoralDB[[#This Row],[Número RCC]]<>"","rcce", IFERROR(_xlfn.XLOOKUP(CantoralDB[[#This Row],[Autor]],_xlfn.CHOOSECOLS(_xlfn.ANCHORARRAY(secciones!$A$3),1),_xlfn.CHOOSECOLS(_xlfn.ANCHORARRAY(secciones!$A$3),2)),"nuevas") )))))} -> ain_karem | S4: ="canciones/"&CantoralDB[[#This Row],[Carpeta]]&"/"&IF(CantoralDB[[#This Row],[Autor]]="Taizé en español", SUBSTITUTE(SUBSTITUTE(SUBSTITUTE(SUBSTITUTE(SUBSTITUTE(SUBSTITUTE(SUBSTITUTE(SUBSTITUTE(SUBSTITUTE(SUBSTITUTE(SUBSTITUTE(LOWER(CantoralDB[[#This Row],[Linked]]),"á","a"),"é","e"),"í","i"),"ó","o"),"ú","u")," ","_"),"¿",""),"?",""),"¡",""),"!",""),",","")&".html", SUBSTITUTE(SUBSTITUTE(SUBSTITUTE(SUBSTITUTE(SUBSTITUTE(SUBSTITUTE(SUBSTITUTE(SUBSTITUTE(SUBSTITUTE(SUBSTITUTE(SUBSTITUTE(LOWER(CantoralDB[[#This Row],[Título]]),"á","a"),"é","e"),"í","i"),"ó","o"),"ú","u")," ","_"),"¿",""),"?",""),"¡",""),"!",""),",","")&".html") -> canciones/ain_karem/palabra.html | V4: https://open.spotify.com/intl-es/track/6IbstxKB9xS9RuQqDYTMks?si=823f8686723b438c | W4: =IF(CantoralDB[[#This Row],[Linked]]="X","","<li"& IF(CantoralDB[[#This Row],[Autor]]="-",""," data-author="""&CantoralDB[[#This Row],[Autor]]&"""")& IF(ISBLANK(CantoralDB[[#This Row],[Momento]]),""," data-momento="""&CantoralDB[[#This Row],[Momento]]&"""")& IF(ISBLANK(CantoralDB[[#This Row],[Número]]),""," data-nnew="""&CantoralDB[[#This Row],[Número]]&"""")& IF(ISBLANK(CantoralDB[[#This Row],[Número antiguo]]),""," data-nold="""&CantoralDB[[#This Row],[Número antiguo]]&"""")& IF(ISBLANK(CantoralDB[[#This Row],[Número RCC]]),""," data-nrcc="""&CantoralDB[[#This Row],[Número RCC]]&"""")& "><a href="""&CantoralDB[[#This Row],[Ruta]]&""">"&CantoralDB[[#This Row],[Título]]&"</a></li>") -> <li data-author="Ain Karem"><a href="canciones/ain_karem/palabra.html">Palabra</a></li> | X4: =_xlfn.TEXTBEFORE(_xlfn.TEXTAFTER(CantoralDB[[#This Row],[index.html]],">"),">")&">" -> <a href="canciones/ain_karem/palabra.html">
A5: =ROW(CantoralDB[[#This Row],[Título]])-1 -> 4 | B5: Atraviesas | H5: Re | I5: cej3 | J5: OK | M5: Ain Karem | N5: A todos los pueblos | O5: 4 | P5: 2010 | Q5: {=IF(OR(CantoralDB[[#This Row],[Autor]]="Taizé en español",CantoralDB[[#This Row],[Autor]]="Taizé original",CantoralDB[[#This Row],[Autor]]="Taizé"),"taize", IFERROR(_xlfn.XLOOKUP(CantoralDB[[#This Row],[Autor]],_xlfn.CHOOSECOLS(_xlfn.ANCHORARRAY(secciones!$A$3),1),_xlfn.CHOOSECOLS(_xlfn.ANCHORARRAY(secciones!$A$3),2)), IF(OR(CantoralDB[[#This Row],[Número antiguo]]<>"",CantoralDB[[#This Row],[Número]]<>""),"nsb","nuevas" )))} -> ain_karem | R5: {=IF(CantoralDB[[#This Row],[Autor]]="Taizé original","taize_orig", IF(CantoralDB[[#This Row],[Autor]]="Taizé en español","taize_esp", IF(CantoralDB[[#This Row],[Autor]]="Villancicos","villancicos", IF(OR(CantoralDB[[#This Row],[Número antiguo]]<>"",CantoralDB[[#This Row],[Número]]<>""),"nsb", IF(CantoralDB[[#This Row],[Número RCC]]<>"","rcce", IFERROR(_xlfn.XLOOKUP(CantoralDB[[#This Row],[Autor]],_xlfn.CHOOSECOLS(_xlfn.ANCHORARRAY(secciones!$A$3),1),_xlfn.CHOOSECOLS(_xlfn.ANCHORARRAY(secciones!$A$3),2)),"nuevas") )))))} -> ain_karem | S5: ="canciones/"&CantoralDB[[#This Row],[Carpeta]]&"/"&IF(CantoralDB[[#This Row],[Autor]]="Taizé en español", SUBSTITUTE(SUBSTITUTE(SUBSTITUTE(SUBSTITUTE(SUBSTITUTE(SUBSTITUTE(SUBSTITUTE(SUBSTITUTE(SUBSTITUTE(SUBSTITUTE(SUBSTITUTE(LOWER(CantoralDB[[#This Row],[Linked]]),"á","a"),"é","e"),"í","i"),"ó","o"),"ú","u")," ","_"),"¿",""),"?",""),"¡",""),"!",""),",","")&".html", SUBSTITUTE(SUBSTITUTE(SUBSTITUTE(SUBSTITUTE(SUBSTITUTE(SUBSTITUTE(SUBSTITUTE(SUBSTITUTE(SUBSTITUTE(SUBSTITUTE(SUBSTITUTE(LOWER(CantoralDB[[#This Row],[Título]]),"á","a"),"é","e"),"í","i"),"ó","o"),"ú","u")," ","_"),"¿",""),"?",""),"¡",""),"!",""),",","")&".html") -> canciones/ain_karem/atraviesas.html | V5: https://open.spotify.com/intl-es/track/61c2KYQwdLDXO8i1jquizI?si=d911c8eb8adc4bb3 | W5: =IF(CantoralDB[[#This Row],[Linked]]="X","","<li"& IF(CantoralDB[[#This Row],[Autor]]="-",""," data-author="""&CantoralDB[[#This Row],[Autor]]&"""")& IF(ISBLANK(CantoralDB[[#This Row],[Momento]]),""," data-momento="""&CantoralDB[[#This Row],[Momento]]&"""")& IF(ISBLANK(CantoralDB[[#This Row],[Número]]),""," data-nnew="""&CantoralDB[[#This Row],[Número]]&"""")& IF(ISBLANK(CantoralDB[[#This Row],[Número antiguo]]),""," data-nold="""&CantoralDB[[#This Row],[Número antiguo]]&"""")& IF(ISBLANK(CantoralDB[[#This Row],[Número RCC]]),""," data-nrcc="""&CantoralDB[[#This Row],[Número RCC]]&"""")& "><a href="""&CantoralDB[[#This Row],[Ruta]]&""">"&CantoralDB[[#This Row],[Título]]&"</a></li>") -> <li data-author="Ain Karem"><a href="canciones/ain_karem/atraviesas.html">Atraviesas</a></li> | X5: =_xlfn.TEXTBEFORE(_xlfn.TEXTAFTER(CantoralDB[[#This Row],[index.html]],">"),">")&">" -> <a href="canciones/ain_karem/atraviesas.html">
A6: =ROW(CantoralDB[[#This Row],[Título]])-1 -> 5 | B6: Los incontables | H6: Do | I6: cej3 | J6: OK | M6: Ain Karem | N6: A todos los pueblos | O6: 5 | P6: 2010 | Q6: {=IF(OR(CantoralDB[[#This Row],[Autor]]="Taizé en español",CantoralDB[[#This Row],[Autor]]="Taizé original",CantoralDB[[#This Row],[Autor]]="Taizé"),"taize", IFERROR(_xlfn.XLOOKUP(CantoralDB[[#This Row],[Autor]],_xlfn.CHOOSECOLS(_xlfn.ANCHORARRAY(secciones!$A$3),1),_xlfn.CHOOSECOLS(_xlfn.ANCHORARRAY(secciones!$A$3),2)), IF(OR(CantoralDB[[#This Row],[Número antiguo]]<>"",CantoralDB[[#This Row],[Número]]<>""),"nsb","nuevas" )))} -> ain_karem | R6: {=IF(CantoralDB[[#This Row],[Autor]]="Taizé original","taize_orig", IF(CantoralDB[[#This Row],[Autor]]="Taizé en español","taize_esp", IF(CantoralDB[[#This Row],[Autor]]="Villancicos","villancicos", IF(OR(CantoralDB[[#This Row],[Número antiguo]]<>"",CantoralDB[[#This Row],[Número]]<>""),"nsb", IF(CantoralDB[[#This Row],[Número RCC]]<>"","rcce", IFERROR(_xlfn.XLOOKUP(CantoralDB[[#This Row],[Autor]],_xlfn.CHOOSECOLS(_xlfn.ANCHORARRAY(secciones!$A$3),1),_xlfn.CHOOSECOLS(_xlfn.ANCHORARRAY(secciones!$A$3),2)),"nuevas") )))))} -> ain_karem | S6: ="canciones/"&CantoralDB[[#This Row],[Carpeta]]&"/"&IF(CantoralDB[[#This Row],[Autor]]="Taizé en español", SUBSTITUTE(SUBSTITUTE(SUBSTITUTE(SUBSTITUTE(SUBSTITUTE(SUBSTITUTE(SUBSTITUTE(SUBSTITUTE(SUBSTITUTE(SUBSTITUTE(SUBSTITUTE(LOWER(CantoralDB[[#This Row],[Linked]]),"á","a"),"é","e"),"í","i"),"ó","o"),"ú","u")," ","_"),"¿",""),"?",""),"¡",""),"!",""),",","")&".html", SUBSTITUTE(SUBSTITUTE(SUBSTITUTE(SUBSTITUTE(SUBSTITUTE(SUBSTITUTE(SUBSTITUTE(SUBSTITUTE(SUBSTITUTE(SUBSTITUTE(SUBSTITUTE(LOWER(CantoralDB[[#This Row],[Título]]),"á","a"),"é","e"),"í","i"),"ó","o"),"ú","u")," ","_"),"¿",""),"?",""),"¡",""),"!",""),",","")&".html") -> canciones/ain_karem/los_incontables.html | V6: https://open.spotify.com/intl-es/track/1kITt1STB7aHSkauwzNJCs?si=fb887986370844d7 | W6: =IF(CantoralDB[[#This Row],[Linked]]="X","","<li"& IF(CantoralDB[[#This Row],[Autor]]="-",""," data-author="""&CantoralDB[[#This Row],[Autor]]&"""")& IF(ISBLANK(CantoralDB[[#This Row],[Momento]]),""," data-momento="""&CantoralDB[[#This Row],[Momento]]&"""")& IF(ISBLANK(CantoralDB[[#This Row],[Número]]),""," data-nnew="""&CantoralDB[[#This Row],[Número]]&"""")& IF(ISBLANK(CantoralDB[[#This Row],[Número antiguo]]),""," data-nold="""&CantoralDB[[#This Row],[Número antiguo]]&"""")& IF(ISBLANK(CantoralDB[[#This Row],[Número RCC]]),""," data-nrcc="""&CantoralDB[[#This Row],[Número RCC]]&"""")& "><a href="""&CantoralDB[[#This Row],[Ruta]]&""">"&CantoralDB[[#This Row],[Título]]&"</a></li>") -> <li data-author="Ain Karem"><a href="canciones/ain_karem/los_incontables.html">Los incontables</a></li> | X6: =_xlfn.TEXTBEFORE(_xlfn.TEXTAFTER(CantoralDB[[#This Row],[index.html]],">"),">")&">" -> <a href="canciones/ain_karem/los_incontables.html">
A7: =ROW(CantoralDB[[#This Row],[Título]])-1 -> 6 | B7: He venido a servir | C7: Antífonas | D7: D20 | G7: NSB | H7: Sol | I7: cej2 | J7: OK | M7: Ain Karem | N7: A todos los pueblos | O7: 6 | P7: 2010 | Q7: {=IF(OR(CantoralDB[[#This Row],[Autor]]="Taizé en español",CantoralDB[[#This Row],[Autor]]="Taizé original",CantoralDB[[#This Row],[Autor]]="Taizé"),"taize", IFERROR(_xlfn.XLOOKUP(CantoralDB[[#This Row],[Autor]],_xlfn.CHOOSECOLS(_xlfn.ANCHORARRAY(secciones!$A$3),1),_xlfn.CHOOSECOLS(_xlfn.ANCHORARRAY(secciones!$A$3),2)), IF(OR(CantoralDB[[#This Row],[Número antiguo]]<>"",CantoralDB[[#This Row],[Número]]<>""),"nsb","nuevas" )))} -> ain_karem | R7: {=IF(CantoralDB[[#This Row],[Autor]]="Taizé original","taize_orig", IF(CantoralDB[[#This Row],[Autor]]="Taizé en español","taize_esp", IF(CantoralDB[[#This Row],[Autor]]="Villancicos","villancicos", IF(OR(CantoralDB[[#This Row],[Número antiguo]]<>"",CantoralDB[[#This Row],[Número]]<>""),"nsb", IF(CantoralDB[[#This Row],[Número RCC]]<>"","rcce", IFERROR(_xlfn.XLOOKUP(CantoralDB[[#This Row],[Autor]],_xlfn.CHOOSECOLS(_xlfn.ANCHORARRAY(secciones!$A$3),1),_xlfn.CHOOSECOLS(_xlfn.ANCHORARRAY(secciones!$A$3),2)),"nuevas") )))))} -> nsb | S7: ="canciones/"&CantoralDB[[#This Row],[Carpeta]]&"/"&IF(CantoralDB[[#This Row],[Autor]]="Taizé en español", SUBSTITUTE(SUBSTITUTE(SUBSTITUTE(SUBSTITUTE(SUBSTITUTE(SUBSTITUTE(SUBSTITUTE(SUBSTITUTE(SUBSTITUTE(SUBSTITUTE(SUBSTITUTE(LOWER(CantoralDB[[#This Row],[Linked]]),"á","a"),"é","e"),"í","i"),"ó","o"),"ú","u")," ","_"),"¿",""),"?",""),"¡",""),"!",""),",","")&".html", SUBSTITUTE(SUBSTITUTE(SUBSTITUTE(SUBSTITUTE(SUBSTITUTE(SUBSTITUTE(SUBSTITUTE(SUBSTITUTE(SUBSTITUTE(SUBSTITUTE(SUBSTITUTE(LOWER(CantoralDB[[#This Row],[Título]]),"á","a"),"é","e"),"í","i"),"ó","o"),"ú","u")," ","_"),"¿",""),"?",""),"¡",""),"!",""),",","")&".html") -> canciones/ain_karem/he_venido_a_servir.html | T7: Mateo 20, 26-28 | V7: https://open.spotify.com/intl-es/track/1F0uLNlzSh6sN3COwrprqD?si=c753a1de92464054 | W7: =IF(CantoralDB[[#This Row],[Linked]]="X","","<li"& IF(CantoralDB[[#This Row],[Autor]]="-",""," data-author="""&CantoralDB[[#This Row],[Autor]]&"""")& IF(ISBLANK(CantoralDB[[#This Row],[Momento]]),""," data-momento="""&CantoralDB[[#This Row],[Momento]]&"""")& IF(ISBLANK(CantoralDB[[#This Row],[Número]]),""," data-nnew="""&CantoralDB[[#This Row],[Número]]&"""")& IF(ISBLANK(CantoralDB[[#This Row],[Número antiguo]]),""," data-nold="""&CantoralDB[[#This Row],[Número antiguo]]&"""")& IF(ISBLANK(CantoralDB[[#This Row],[Número RCC]]),""," data-nrcc="""&CantoralDB[[#This Row],[Número RCC]]&"""")& "><a href="""&CantoralDB[[#This Row],[Ruta]]&""">"&CantoralDB[[#This Row],[Título]]&"</a></li>") -> <li data-author="Ain Karem" data-momento="Antífonas" data-nnew="D20"><a href="canciones/ain_karem/he_venido_a_servir.html">He venido a servir</a></li> | X7: =_xlfn.TEXTBEFORE(_xlfn.TEXTAFTER(CantoralDB[[#This Row],[index.html]],">"),">")&">" -> <a href="canciones/ain_karem/he_venido_a_servir.html">
A8: =ROW(CantoralDB[[#This Row],[Título]])-1 -> 7 | B8: Palabra encarnada | H8: La | I8: cej2 | J8: OK | M8: Ain Karem | N8: A todos los pueblos | O8: 7 | P8: 2010 | Q8: {=IF(OR(CantoralDB[[#This Row],[Autor]]="Taizé en español",CantoralDB[[#This Row],[Autor]]="Taizé original",CantoralDB[[#This Row],[Autor]]="Taizé"),"taize", IFERROR(_xlfn.XLOOKUP(CantoralDB[[#This Row],[Autor]],_xlfn.CHOOSECOLS(_xlfn.ANCHORARRAY(secciones!$A$3),1),_xlfn.CHOOSECOLS(_xlfn.ANCHORARRAY(secciones!$A$3),2)), IF(OR(CantoralDB[[#This Row],[Número antiguo]]<>"",CantoralDB[[#This Row],[Número]]<>""),"nsb","nuevas" )))} -> ain_karem | R8: {=IF(CantoralDB[[#This Row],[Autor]]="Taizé original","taize_orig", IF(CantoralDB[[#This Row],[Autor]]="Taizé en español","taize_esp", IF(CantoralDB[[#This Row],[Autor]]="Villancicos","villancicos", IF(OR(CantoralDB[[#This Row],[Número antiguo]]<>"",CantoralDB[[#This Row],[Número]]<>""),"nsb", IF(CantoralDB[[#This Row],[Número RCC]]<>"","rcce", IFERROR(_xlfn.XLOOKUP(CantoralDB[[#This Row],[Autor]],_xlfn.CHOOSECOLS(_xlfn.ANCHORARRAY(secciones!$A$3),1),_xlfn.CHOOSECOLS(_xlfn.ANCHORARRAY(secciones!$A$3),2)),"nuevas") )))))} -> ain_karem | S8: ="canciones/"&CantoralDB[[#This Row],[Carpeta]]&"/"&IF(CantoralDB[[#This Row],[Autor]]="Taizé en español", SUBSTITUTE(SUBSTITUTE(SUBSTITUTE(SUBSTITUTE(SUBSTITUTE(SUBSTITUTE(SUBSTITUTE(SUBSTITUTE(SUBSTITUTE(SUBSTITUTE(SUBSTITUTE(LOWER(CantoralDB[[#This Row],[Linked]]),"á","a"),"é","e"),"í","i"),"ó","o"),"ú","u")," ","_"),"¿",""),"?",""),"¡",""),"!",""),",","")&".html", SUBSTITUTE(SUBSTITUTE(SUBSTITUTE(SUBSTITUTE(SUBSTITUTE(SUBSTITUTE(SUBSTITUTE(SUBSTITUTE(SUBSTITUTE(SUBSTITUTE(SUBSTITUTE(LOWER(CantoralDB[[#This Row],[Título]]),"á","a"),"é","e"),"í","i"),"ó","o"),"ú","u")," ","_"),"¿",""),"?",""),"¡",""),"!",""),",","")&".html") -> canciones/ain_karem/palabra_encarnada.html | V8: https://open.spotify.com/intl-es/track/5qspUpcBqHzdozbLPrCSFZ?si=7849e67df0ac418f | W8: =IF(CantoralDB[[#This Row],[Linked]]="X","","<li"& IF(CantoralDB[[#This Row],[Autor]]="-",""," data-author="""&CantoralDB[[#This Row],[Autor]]&"""")& IF(ISBLANK(CantoralDB[[#This Row],[Momento]]),""," data-momento="""&CantoralDB[[#This Row],[Momento]]&"""")& IF(ISBLANK(CantoralDB[[#This Row],[Número]]),""," data-nnew="""&CantoralDB[[#This Row],[Número]]&"""")& IF(ISBLANK(CantoralDB[[#This Row],[Número antiguo]]),""," data-nold="""&CantoralDB[[#This Row],[Número antiguo]]&"""")& IF(ISBLANK(CantoralDB[[#This Row],[Número RCC]]),""," data-nrcc="""&CantoralDB[[#This Row],[Número RCC]]&"""")& "><a href="""&CantoralDB[[#This Row],[Ruta]]&""">"&CantoralDB[[#This Row],[Título]]&"</a></li>") -> <li data-author="Ain Karem"><a href="canciones/ain_karem/palabra_encarnada.html">Palabra encarnada</a></li> | X8: =_xlfn.TEXTBEFORE(_xlfn.TEXTAFTER(CantoralDB[[#This Row],[index.html]],">"),">")&">" -> <a href="canciones/ain_karem/palabra_encarnada.html">
A9: =ROW(CantoralDB[[#This Row],[Título]])-1 -> 8 | B9: Kolokoso | H9: Re | M9: Ain Karem | N9: A todos los pueblos | O9: 8 | P9: 2010 | Q9: {=IF(OR(CantoralDB[[#This Row],[Autor]]="Taizé en español",CantoralDB[[#This Row],[Autor]]="Taizé original",CantoralDB[[#This Row],[Autor]]="Taizé"),"taize", IFERROR(_xlfn.XLOOKUP(CantoralDB[[#This Row],[Autor]],_xlfn.CHOOSECOLS(_xlfn.ANCHORARRAY(secciones!$A$3),1),_xlfn.CHOOSECOLS(_xlfn.ANCHORARRAY(secciones!$A$3),2)), IF(OR(CantoralDB[[#This Row],[Número antiguo]]<>"",CantoralDB[[#This Row],[Número]]<>""),"nsb","nuevas" )))} -> ain_karem | R9: {=IF(CantoralDB[[#This Row],[Autor]]="Taizé original","taize_orig", IF(CantoralDB[[#This Row],[Autor]]="Taizé en español","taize_esp", IF(CantoralDB[[#This Row],[Autor]]="Villancicos","villancicos", IF(OR(CantoralDB[[#This Row],[Número antiguo]]<>"",CantoralDB[[#This Row],[Número]]<>""),"nsb", IF(CantoralDB[[#This Row],[Número RCC]]<>"","rcce", IFERROR(_xlfn.XLOOKUP(CantoralDB[[#This Row],[Autor]],_xlfn.CHOOSECOLS(_xlfn.ANCHORARRAY(secciones!$A$3),1),_xlfn.CHOOSECOLS(_xlfn.ANCHORARRAY(secciones!$A$3),2)),"nuevas") )))))} -> ain_karem | S9: ="canciones/"&CantoralDB[[#This Row],[Carpeta]]&"/"&IF(CantoralDB[[#This Row],[Autor]]="Taizé en español", SUBSTITUTE(SUBSTITUTE(SUBSTITUTE(SUBSTITUTE(SUBSTITUTE(SUBSTITUTE(SUBSTITUTE(SUBSTITUTE(SUBSTITUTE(SUBSTITUTE(SUBSTITUTE(LOWER(CantoralDB[[#This Row],[Linked]]),"á","a"),"é","e"),"í","i"),"ó","o"),"ú","u")," ","_"),"¿",""),"?",""),"¡",""),"!",""),",","")&".html", SUBSTITUTE(SUBSTITUTE(SUBSTITUTE(SUBSTITUTE(SUBSTITUTE(SUBSTITUTE(SUBSTITUTE(SUBSTITUTE(SUBSTITUTE(SUBSTITUTE(SUBSTITUTE(LOWER(CantoralDB[[#This Row],[Título]]),"á","a"),"é","e"),"í","i"),"ó","o"),"ú","u")," ","_"),"¿",""),"?",""),"¡",""),"!",""),",","")&".html") -> canciones/ain_karem/kolokoso.html | V9: https://open.spotify.com/intl-es/track/0iEwaEXoK5F9G01lCuIsg3?si=0e8a1509bc20468c | W9: =IF(CantoralDB[[#This Row],[Linked]]="X","","<li"& IF(CantoralDB[[#This Row],[Autor]]="-",""," data-author="""&CantoralDB[[#This Row],[Autor]]&"""")& IF(ISBLANK(CantoralDB[[#This Row],[Momento]]),""," data-momento="""&CantoralDB[[#This Row],[Momento]]&"""")& IF(ISBLANK(CantoralDB[[#This Row],[Número]]),""," data-nnew="""&CantoralDB[[#This Row],[Número]]&"""")& IF(ISBLANK(CantoralDB[[#This Row],[Número antiguo]]),""," data-nold="""&CantoralDB[[#This Row],[Número antiguo]]&"""")& IF(ISBLANK(CantoralDB[[#This Row],[Número RCC]]),""," data-nrcc="""&CantoralDB[[#This Row],[Número RCC]]&"""")& "><a href="""&CantoralDB[[#This Row],[Ruta]]&""">"&CantoralDB[[#This Row],[Título]]&"</a></li>") -> <li data-author="Ain Karem"><a href="canciones/ain_karem/kolokoso.html">Kolokoso</a></li> | X9: =_xlfn.TEXTBEFORE(_xlfn.TEXTAFTER(CantoralDB[[#This Row],[index.html]],">"),">")&">" -> <a href="canciones/ain_karem/kolokoso.html">
A10: =ROW(CantoralDB[[#This Row],[Título]])-1 -> 9 | B10: La mujer cananea | H10: Sol | I10: cej5 | J10: OK | M10: Ain Karem | N10: A todos los pueblos | O10: 9 | P10: 2010 | Q10: {=IF(OR(CantoralDB[[#This Row],[Autor]]="Taizé en español",CantoralDB[[#This Row],[Autor]]="Taizé original",CantoralDB[[#This Row],[Autor]]="Taizé"),"taize", IFERROR(_xlfn.XLOOKUP(CantoralDB[[#This Row],[Autor]],_xlfn.CHOOSECOLS(_xlfn.ANCHORARRAY(secciones!$A$3),1),_xlfn.CHOOSECOLS(_xlfn.ANCHORARRAY(secciones!$A$3),2)), IF(OR(CantoralDB[[#This Row],[Número antiguo]]<>"",CantoralDB[[#This Row],[Número]]<>""),"nsb","nuevas" )))} -> ain_karem | R10: {=IF(CantoralDB[[#This Row],[Autor]]="Taizé original","taize_orig", IF(CantoralDB[[#This Row],[Autor]]="Taizé en español","taize_esp", IF(CantoralDB[[#This Row],[Autor]]="Villancicos","villancicos", IF(OR(CantoralDB[[#This Row],[Número antiguo]]<>"",CantoralDB[[#This Row],[Número]]<>""),"nsb", IF(CantoralDB[[#This Row],[Número RCC]]<>"","rcce", IFERROR(_xlfn.XLOOKUP(CantoralDB[[#This Row],[Autor]],_xlfn.CHOOSECOLS(_xlfn.ANCHORARRAY(secciones!$A$3),1),_xlfn.CHOOSECOLS(_xlfn.ANCHORARRAY(secciones!$A$3),2)),"nuevas") )))))} -> ain_karem | S10: ="canciones/"&CantoralDB[[#This Row],[Carpeta]]&"/"&IF(CantoralDB[[#This Row],[Autor]]="Taizé en español", SUBSTITUTE(SUBSTITUTE(SUBSTITUTE(SUBSTITUTE(SUBSTITUTE(SUBSTITUTE(SUBSTITUTE(SUBSTITUTE(SUBSTITUTE(SUBSTITUTE(SUBSTITUTE(LOWER(CantoralDB[[#This Row],[Linked]]),"á","a"),"é","e"),"í","i"),"ó","o"),"ú","u")," ","_"),"¿",""),"?",""),"¡",""),"!",""),",","")&".html", SUBSTITUTE(SUBSTITUTE(SUBSTITUTE(SUBSTITUTE(SUBSTITUTE(SUBSTITUTE(SUBSTITUTE(SUBSTITUTE(SUBSTITUTE(SUBSTITUTE(SUBSTITUTE(LOWER(CantoralDB[[#This Row],[Título]]),"á","a"),"é","e"),"í","i"),"ó","o"),"ú","u")," ","_"),"¿",""),"?",""),"¡",""),"!",""),",","")&".html") -> canciones/ain_karem/la_mujer_cananea.html | V10: https://open.spotify.com/intl-es/track/0e4gJvX84bIefNwMWLoCAX?si=80b816c7eb584408 | W10: =IF(CantoralDB[[#This Row],[Linked]]="X","","<li"& IF(CantoralDB[[#This Row],[Autor]]="-",""," data-author="""&CantoralDB[[#This Row],[Autor]]&"""")& IF(ISBLANK(CantoralDB[[#This Row],[Momento]]),""," data-momento="""&CantoralDB[[#This Row],[Momento]]&"""")& IF(ISBLANK(CantoralDB[[#This Row],[Número]]),""," data-nnew="""&CantoralDB[[#This Row],[Número]]&"""")& IF(ISBLANK(CantoralDB[[#This Row],[Número antiguo]]),""," data-nold="""&CantoralDB[[#This Row],[Número antiguo]]&"""")& IF(ISBLANK(CantoralDB[[#This Row],[Número RCC]]),""," data-nrcc="""&CantoralDB[[#This Row],[Número RCC]]&"""")& "><a href="""&CantoralDB[[#This Row],[Ruta]]&""">"&CantoralDB[[#This Row],[Título]]&"</a></li>") -> <li data-author="Ain Karem"><a href="canciones/ain_karem/la_mujer_cananea.html">La mujer cananea</a></li> | X10: =_xlfn.TEXTBEFORE(_xlfn.TEXTAFTER(CantoralDB[[#This Row],[index.html]],">"),">")&">" -> <a href="canciones/ain_karem/la_mujer_cananea.html">
A11: =ROW(CantoralDB[[#This Row],[Título]])-1 -> 10 | B11: El siervo | H11: Fa | J11: OK | M11: Ain Karem | N11: A todos los pueblos | O11: 10 | P11: 2010 | Q11: {=IF(OR(CantoralDB[[#This Row],[Autor]]="Taizé en español",CantoralDB[[#This Row],[Autor]]="Taizé original",CantoralDB[[#This Row],[Autor]]="Taizé"),"taize", IFERROR(_xlfn.XLOOKUP(CantoralDB[[#This Row],[Autor]],_xlfn.CHOOSECOLS(_xlfn.ANCHORARRAY(secciones!$A$3),1),_xlfn.CHOOSECOLS(_xlfn.ANCHORARRAY(secciones!$A$3),2)), IF(OR(CantoralDB[[#This Row],[Número antiguo]]<>"",CantoralDB[[#This Row],[Número]]<>""),"nsb","nuevas" )))} -> ain_karem | R11: {=IF(CantoralDB[[#This Row],[Autor]]="Taizé original","taize_orig", IF(CantoralDB[[#This Row],[Autor]]="Taizé en español","taize_esp", IF(CantoralDB[[#This Row],[Autor]]="Villancicos","villancicos", IF(OR(CantoralDB[[#This Row],[Número antiguo]]<>"",CantoralDB[[#This Row],[Número]]<>""),"nsb", IF(CantoralDB[[#This Row],[Número RCC]]<>"","rcce", IFERROR(_xlfn.XLOOKUP(CantoralDB[[#This Row],[Autor]],_xlfn.CHOOSECOLS(_xlfn.ANCHORARRAY(secciones!$A$3),1),_xlfn.CHOOSECOLS(_xlfn.ANCHORARRAY(secciones!$A$3),2)),"nuevas") )))))} -> ain_karem | S11: ="canciones/"&CantoralDB[[#This Row],[Carpeta]]&"/"&IF(CantoralDB[[#This Row],[Autor]]="Taizé en español", SUBSTITUTE(SUBSTITUTE(SUBSTITUTE(SUBSTITUTE(SUBSTITUTE(SUBSTITUTE(SUBSTITUTE(SUBSTITUTE(SUBSTITUTE(SUBSTITUTE(SUBSTITUTE(LOWER(CantoralDB[[#This Row],[Linked]]),"á","a"),"é","e"),"í","i"),"ó","o"),"ú","u")," ","_"),"¿",""),"?",""),"¡",""),"!",""),",","")&".html", SUBSTITUTE(SUBSTITUTE(SUBSTITUTE(SUBSTITUTE(SUBSTITUTE(SUBSTITUTE(SUBSTITUTE(SUBSTITUTE(SUBSTITUTE(SUBSTITUTE(SUBSTITUTE(LOWER(CantoralDB[[#This Row],[Título]]),"á","a"),"é","e"),"í","i"),"ó","o"),"ú","u")," ","_"),"¿",""),"?",""),"¡",""),"!",""),",","")&".html") -> canciones/ain_karem/el_siervo.html | V11: https://open.spotify.com/intl-es/track/4uJP6RGSfzBkoXfm8CACfz?si=73a58ca5c1414e95 | W11: =IF(CantoralDB[[#This Row],[Linked]]="X","","<li"& IF(CantoralDB[[#This Row],[Autor]]="-",""," data-author="""&CantoralDB[[#This Row],[Autor]]&"""")& IF(ISBLANK(CantoralDB[[#This Row],[Momento]]),""," data-momento="""&CantoralDB[[#This Row],[Momento]]&"""")& IF(ISBLANK(CantoralDB[[#This Row],[Número]]),""," data-nnew="""&CantoralDB[[#This Row],[Número]]&"""")& IF(ISBLANK(CantoralDB[[#This Row],[Número antiguo]]),""," data-nold="""&CantoralDB[[#This Row],[Número antiguo]]&"""")& IF(ISBLANK(CantoralDB[[#This Row],[Número RCC]]),""," data-nrcc="""&CantoralDB[[#This Row],[Número RCC]]&"""")& "><a href="""&CantoralDB[[#This Row],[Ruta]]&""">"&CantoralDB[[#This Row],[Título]]&"</a></li>") -> <li data-author="Ain Karem"><a href="canciones/ain_karem/el_siervo.html">El siervo</a></li> | X11: =_xlfn.TEXTBEFORE(_xlfn.TEXTAFTER(CantoralDB[[#This Row],[index.html]],">"),">")&">" -> <a href="canciones/ain_karem/el_siervo.html">
A12: =ROW(CantoralDB[[#This Row],[Título]])-1 -> 11 | B12: La moneda perdida | H12: Re | J12: OK | M12: Ain Karem | N12: A todos los pueblos | O12: 11 | P12: 2010 | Q12: {=IF(OR(CantoralDB[[#This Row],[Autor]]="Taizé en español",CantoralDB[[#This Row],[Autor]]="Taizé original",CantoralDB[[#This Row],[Autor]]="Taizé"),"taize", IFERROR(_xlfn.XLOOKUP(CantoralDB[[#This Row],[Autor]],_xlfn.CHOOSECOLS(_xlfn.ANCHORARRAY(secciones!$A$3),1),_xlfn.CHOOSECOLS(_xlfn.ANCHORARRAY(secciones!$A$3),2)), IF(OR(CantoralDB[[#This Row],[Número antiguo]]<>"",CantoralDB[[#This Row],[Número]]<>""),"nsb","nuevas" )))} -> ain_karem | R12: {=IF(CantoralDB[[#This Row],[Autor]]="Taizé original","taize_orig", IF(CantoralDB[[#This Row],[Autor]]="Taizé en español","taize_esp", IF(CantoralDB[[#This Row],[Autor]]="Villancicos","villancicos", IF(OR(CantoralDB[[#This Row],[Número antiguo]]<>"",CantoralDB[[#This Row],[Número]]<>""),"nsb", IF(CantoralDB[[#This Row],[Número RCC]]<>"","rcce", IFERROR(_xlfn.XLOOKUP(CantoralDB[[#This Row],[Autor]],_xlfn.CHOOSECOLS(_xlfn.ANCHORARRAY(secciones!$A$3),1),_xlfn.CHOOSECOLS(_xlfn.ANCHORARRAY(secciones!$A$3),2)),"nuevas") )))))} -> ain_karem | S12: ="canciones/"&CantoralDB[[#This Row],[Carpeta]]&"/"&IF(CantoralDB[[#This Row],[Autor]]="Taizé en español", SUBSTITUTE(SUBSTITUTE(SUBSTITUTE(SUBSTITUTE(SUBSTITUTE(SUBSTITUTE(SUBSTITUTE(SUBSTITUTE(SUBSTITUTE(SUBSTITUTE(SUBSTITUTE(LOWER(CantoralDB[[#This Row],[Linked]]),"á","a"),"é","e"),"í","i"),"ó","o"),"ú","u")," ","_"),"¿",""),"?",""),"¡",""),"!",""),",","")&".html", SUBSTITUTE(SUBSTITUTE(SUBSTITUTE(SUBSTITUTE(SUBSTITUTE(SUBSTITUTE(SUBSTITUTE(SUBSTITUTE(SUBSTITUTE(SUBSTITUTE(SUBSTITUTE(LOWER(CantoralDB[[#This Row],[Título]]),"á","a"),"é","e"),"í","i"),"ó","o"),"ú","u")," ","_"),"¿",""),"?",""),"¡",""),"!",""),",","")&".html") -> canciones/ain_karem/la_moneda_perdida.html | V12: https://open.spotify.com/intl-es/track/52o5a93tqtQVT8H1mVa3rs?si=237aaccb37f94b68 | W12: =IF(CantoralDB[[#This Row],[Linked]]="X","","<li"& IF(CantoralDB[[#This Row],[Autor]]="-",""," data-author="""&CantoralDB[[#This Row],[Autor]]&"""")& IF(ISBLANK(CantoralDB[[#This Row],[Momento]]),""," data-momento="""&CantoralDB[[#This Row],[Momento]]&"""")& IF(ISBLANK(CantoralDB[[#This Row],[Número]]),""," data-nnew="""&CantoralDB[[#This Row],[Número]]&"""")& IF(ISBLANK(CantoralDB[[#This Row],[Número antiguo]]),""," data-nold="""&CantoralDB[[#This Row],[Número antiguo]]&"""")& IF(ISBLANK(CantoralDB[[#This Row],[Número RCC]]),""," data-nrcc="""&CantoralDB[[#This Row],[Número RCC]]&"""")& "><a href="""&CantoralDB[[#This Row],[Ruta]]&""">"&CantoralDB[[#This Row],[Título]]&"</a></li>") -> <li data-author="Ain Karem"><a href="canciones/ain_karem/la_moneda_perdida.html">La moneda perdida</a></li> | X12: =_xlfn.TEXTBEFORE(_xlfn.TEXTAFTER(CantoralDB[[#This Row],[index.html]],">"),">")&">" -> <a href="canciones/ain_karem/la_moneda_perdida.html">
A13: =ROW(CantoralDB[[#This Row],[Título]])-1 -> 12 | B13: Señor mío y Dios mío | H13: Sol | I13: cej5 | J13: OK | M13: Ain Karem | N13: A todos los pueblos | O13: 12 | P13: 2010 | Q13: {=IF(OR(CantoralDB[[#This Row],[Autor]]="Taizé en español",CantoralDB[[#This Row],[Autor]]="Taizé original",CantoralDB[[#This Row],[Autor]]="Taizé"),"taize", IFERROR(_xlfn.XLOOKUP(CantoralDB[[#This Row],[Autor]],_xlfn.CHOOSECOLS(_xlfn.ANCHORARRAY(secciones!$A$3),1),_xlfn.CHOOSECOLS(_xlfn.ANCHORARRAY(secciones!$A$3),2)), IF(OR(CantoralDB[[#This Row],[Número antiguo]]<>"",CantoralDB[[#This Row],[Número]]<>""),"nsb","nuevas" )))} -> ain_karem | R13: {=IF(CantoralDB[[#This Row],[Autor]]="Taizé original","taize_orig", IF(CantoralDB[[#This Row],[Autor]]="Taizé en español","taize_esp", IF(CantoralDB[[#This Row],[Autor]]="Villancicos","villancicos", IF(OR(CantoralDB[[#This Row],[Número antiguo]]<>"",CantoralDB[[#This Row],[Número]]<>""),"nsb", IF(CantoralDB[[#This Row],[Número RCC]]<>"","rcce", IFERROR(_xlfn.XLOOKUP(CantoralDB[[#This Row],[Autor]],_xlfn.CHOOSECOLS(_xlfn.ANCHORARRAY(secciones!$A$3),1),_xlfn.CHOOSECOLS(_xlfn.ANCHORARRAY(secciones!$A$3),2)),"nuevas") )))))} -> ain_karem | S13: ="canciones/"&CantoralDB[[#This Row],[Carpeta]]&"/"&IF(CantoralDB[[#This Row],[Autor]]="Taizé en español", SUBSTITUTE(SUBSTITUTE(SUBSTITUTE(SUBSTITUTE(SUBSTITUTE(SUBSTITUTE(SUBSTITUTE(SUBSTITUTE(SUBSTITUTE(SUBSTITUTE(SUBSTITUTE(LOWER(CantoralDB[[#This Row],[Linked]]),"á","a"),"é","e"),"í","i"),"ó","o"),"ú","u")," ","_"),"¿",""),"?",""),"¡",""),"!",""),",","")&".html", SUBSTITUTE(SUBSTITUTE(SUBSTITUTE(SUBSTITUTE(SUBSTITUTE(SUBSTITUTE(SUBSTITUTE(SUBSTITUTE(SUBSTITUTE(SUBSTITUTE(SUBSTITUTE(LOWER(CantoralDB[[#This Row],[Título]]),"á","a"),"é","e"),"í","i"),"ó","o"),"ú","u")," ","_"),"¿",""),"?",""),"¡",""),"!",""),",","")&".html") -> canciones/ain_karem/señor_mio_y_dios_mio.html | V13: https://open.spotify.com/intl-es/track/1AiP0ESlQhVMuzxXpsmcyp?si=291920fa66fa4318 | W13: =IF(CantoralDB[[#This Row],[Linked]]="X","","<li"& IF(CantoralDB[[#This Row],[Autor]]="-",""," data-author="""&CantoralDB[[#This Row],[Autor]]&"""")& IF(ISBLANK(CantoralDB[[#This Row],[Momento]]),""," data-momento="""&CantoralDB[[#This Row],[Momento]]&"""")& IF(ISBLANK(CantoralDB[[#This Row],[Número]]),""," data-nnew="""&CantoralDB[[#This Row],[Número]]&"""")& IF(ISBLANK(CantoralDB[[#This Row],[Número antiguo]]),""," data-nold="""&CantoralDB[[#This Row],[Número antiguo]]&"""")& IF(ISBLANK(CantoralDB[[#This Row],[Número RCC]]),""," data-nrcc="""&CantoralDB[[#This Row],[Número RCC]]&"""")& "><a href="""&CantoralDB[[#This Row],[Ruta]]&""">"&CantoralDB[[#This Row],[Título]]&"</a></li>") -> <li data-author="Ain Karem"><a href="canciones/ain_karem/señor_mio_y_dios_mio.html">Señor mío y Dios mío</a></li> | X13: =_xlfn.TEXTBEFORE(_xlfn.TEXTAFTER(CantoralDB[[#This Row],[index.html]],">"),">")&">" -> <a href="canciones/ain_karem/señor_mio_y_dios_mio.html">
A14: =ROW(CantoralDB[[#This Row],[Título]])-1 -> 13 | B14: Dame una palabra | H14: Do | J14: OK | M14: Ain Karem | N14: A todos los pueblos | O14: 13 | P14: 2010 | Q14: {=IF(OR(CantoralDB[[#This Row],[Autor]]="Taizé en español",CantoralDB[[#This Row],[Autor]]="Taizé original",CantoralDB[[#This Row],[Autor]]="Taizé"),"taize", IFERROR(_xlfn.XLOOKUP(CantoralDB[[#This Row],[Autor]],_xlfn.CHOOSECOLS(_xlfn.ANCHORARRAY(secciones!$A$3),1),_xlfn.CHOOSECOLS(_xlfn.ANCHORARRAY(secciones!$A$3),2)), IF(OR(CantoralDB[[#This Row],[Número antiguo]]<>"",CantoralDB[[#This Row],[Número]]<>""),"nsb","nuevas" )))} -> ain_karem | R14: {=IF(CantoralDB[[#This Row],[Autor]]="Taizé original","taize_orig", IF(CantoralDB[[#This Row],[Autor]]="Taizé en español","taize_esp", IF(CantoralDB[[#This Row],[Autor]]="Villancicos","villancicos", IF(OR(CantoralDB[[#This Row],[Número antiguo]]<>"",CantoralDB[[#This Row],[Número]]<>""),"nsb", IF(CantoralDB[[#This Row],[Número RCC]]<>"","rcce", IFERROR(_xlfn.XLOOKUP(CantoralDB[[#This Row],[Autor]],_xlfn.CHOOSECOLS(_xlfn.ANCHORARRAY(secciones!$A$3),1),_xlfn.CHOOSECOLS(_xlfn.ANCHORARRAY(secciones!$A$3),2)),"nuevas") )))))} -> ain_karem | S14: ="canciones/"&CantoralDB[[#This Row],[Carpeta]]&"/"&IF(CantoralDB[[#This Row],[Autor]]="Taizé en español", SUBSTITUTE(SUBSTITUTE(SUBSTITUTE(SUBSTITUTE(SUBSTITUTE(SUBSTITUTE(SUBSTITUTE(SUBSTITUTE(SUBSTITUTE(SUBSTITUTE(SUBSTITUTE(LOWER(CantoralDB[[#This Row],[Linked]]),"á","a"),"é","e"),"í","i"),"ó","o"),"ú","u")," ","_"),"¿",""),"?",""),"¡",""),"!",""),",","")&".html", SUBSTITUTE(SUBSTITUTE(SUBSTITUTE(SUBSTITUTE(SUBSTITUTE(SUBSTITUTE(SUBSTITUTE(SUBSTITUTE(SUBSTITUTE(SUBSTITUTE(SUBSTITUTE(LOWER(CantoralDB[[#This Row],[Título]]),"á","a"),"é","e"),"í","i"),"ó","o"),"ú","u")," ","_"),"¿",""),"?",""),"¡",""),"!",""),",","")&".html") -> canciones/ain_karem/dame_una_palabra.html | V14: https://open.spotify.com/intl-es/track/4804HkPmQkwCH2kF3kwhg6?si=eb80aaa66dfa442b | W14: =IF(CantoralDB[[#This Row],[Linked]]="X","","<li"& IF(CantoralDB[[#This Row],[Autor]]="-",""," data-author="""&CantoralDB[[#This Row],[Autor]]&"""")& IF(ISBLANK(CantoralDB[[#This Row],[Momento]]),""," data-momento="""&CantoralDB[[#This Row],[Momento]]&"""")& IF(ISBLANK(CantoralDB[[#This Row],[Número]]),""," data-nnew="""&CantoralDB[[#This Row],[Número]]&"""")& IF(ISBLANK(CantoralDB[[#This Row],[Número antiguo]]),""," data-nold="""&CantoralDB[[#This Row],[Número antiguo]]&"""")& IF(ISBLANK(CantoralDB[[#This Row],[Número RCC]]),""," data-nrcc="""&CantoralDB[[#This Row],[Número RCC]]&"""")& "><a href="""&CantoralDB[[#This Row],[Ruta]]&""">"&CantoralDB[[#This Row],[Título]]&"</a></li>") -> <li data-author="Ain Karem"><a href="canciones/ain_karem/dame_una_palabra.html">Dame una palabra</a></li> | X14: =_xlfn.TEXTBEFORE(_xlfn.TEXTAFTER(CantoralDB[[#This Row],[index.html]],">"),">")&">" -> <a href="canciones/ain_karem/dame_una_palabra.html">
A15: =ROW(CantoralDB[[#This Row],[Título]])-1 -> 14 | B15: Somos del Señor | H15: Re | I15: cej2 | J15: OK | M15: Ain Karem | N15: A todos los pueblos | O15: 14 | P15: 2010 | Q15: {=IF(OR(CantoralDB[[#This Row],[Autor]]="Taizé en español",CantoralDB[[#This Row],[Autor]]="Taizé original",CantoralDB[[#This Row],[Autor]]="Taizé"),"taize", IFERROR(_xlfn.XLOOKUP(CantoralDB[[#This Row],[Autor]],_xlfn.CHOOSECOLS(_xlfn.ANCHORARRAY(secciones!$A$3),1),_xlfn.CHOOSECOLS(_xlfn.ANCHORARRAY(secciones!$A$3),2)), IF(OR(CantoralDB[[#This Row],[Número antiguo]]<>"",CantoralDB[[#This Row],[Número]]<>""),"nsb","nuevas" )))} -> ain_karem | R15: {=IF(CantoralDB[[#This Row],[Autor]]="Taizé original","taize_orig", IF(CantoralDB[[#This Row],[Autor]]="Taizé en español","taize_esp", IF(CantoralDB[[#This Row],[Autor]]="Villancicos","villancicos", IF(OR(CantoralDB[[#This Row],[Número antiguo]]<>"",CantoralDB[[#This Row],[Número]]<>""),"nsb", IF(CantoralDB[[#This Row],[Número RCC]]<>"","rcce", IFERROR(_xlfn.XLOOKUP(CantoralDB[[#This Row],[Autor]],_xlfn.CHOOSECOLS(_xlfn.ANCHORARRAY(secciones!$A$3),1),_xlfn.CHOOSECOLS(_xlfn.ANCHORARRAY(secciones!$A$3),2)),"nuevas") )))))} -> ain_karem | S15: ="canciones/"&CantoralDB[[#This Row],[Carpeta]]&"/"&IF(CantoralDB[[#This Row],[Autor]]="Taizé en español", SUBSTITUTE(SUBSTITUTE(SUBSTITUTE(SUBSTITUTE(SUBSTITUTE(SUBSTITUTE(SUBSTITUTE(SUBSTITUTE(SUBSTITUTE(SUBSTITUTE(SUBSTITUTE(LOWER(CantoralDB[[#This Row],[Linked]]),"á","a"),"é","e"),"í","i"),"ó","o"),"ú","u")," ","_"),"¿",""),"?",""),"¡",""),"!",""),",","")&".html", SUBSTITUTE(SUBSTITUTE(SUBSTITUTE(SUBSTITUTE(SUBSTITUTE(SUBSTITUTE(SUBSTITUTE(SUBSTITUTE(SUBSTITUTE(SUBSTITUTE(SUBSTITUTE(LOWER(CantoralDB[[#This Row],[Título]]),"á","a"),"é","e"),"í","i"),"ó","o"),"ú","u")," ","_"),"¿",""),"?",""),"¡",""),"!",""),",","")&".html") -> canciones/ain_karem/somos_del_señor.html | V15: https://open.spotify.com/intl-es/track/5Bbi2OqBscgsb9GLPPvIeY?si=e179971c09254637 | W15: =IF(CantoralDB[[#This Row],[Linked]]="X","","<li"& IF(CantoralDB[[#This Row],[Autor]]="-",""," data-author="""&CantoralDB[[#This Row],[Autor]]&"""")& IF(ISBLANK(CantoralDB[[#This Row],[Momento]]),""," data-momento="""&CantoralDB[[#This Row],[Momento]]&"""")& IF(ISBLANK(CantoralDB[[#This Row],[Número]]),""," data-nnew="""&CantoralDB[[#This Row],[Número]]&"""")& IF(ISBLANK(CantoralDB[[#This Row],[Número antiguo]]),""," data-nold="""&CantoralDB[[#This Row],[Número antiguo]]&"""")& IF(ISBLANK(CantoralDB[[#This Row],[Número RCC]]),""," data-nrcc="""&CantoralDB[[#This Row],[Número RCC]]&"""")& "><a href="""&CantoralDB[[#This Row],[Ruta]]&""">"&CantoralDB[[#This Row],[Título]]&"</a></li>") -> <li data-author="Ain Karem"><a href="canciones/ain_karem/somos_del_señor.html">Somos del Señor</a></li> | X15: =_xlfn.TEXTBEFORE(_xlfn.TEXTAFTER(CantoralDB[[#This Row],[index.html]],">"),">")&">" -> <a href="canciones/ain_karem/somos_del_señor.html">
A16: =ROW(CantoralDB[[#This Row],[Título]])-1 -> 15 | B16: Fuertes, humildes y diligentes | H16: La | I16: cej2 | J16: OK | M16: Ain Karem | N16: A todos los pueblos | O16: 15 | P16: 2010 | Q16: {=IF(OR(CantoralDB[[#This Row],[Autor]]="Taizé en español",CantoralDB[[#This Row],[Autor]]="Taizé original",CantoralDB[[#This Row],[Autor]]="Taizé"),"taize", IFERROR(_xlfn.XLOOKUP(CantoralDB[[#This Row],[Autor]],_xlfn.CHOOSECOLS(_xlfn.ANCHORARRAY(secciones!$A$3),1),_xlfn.CHOOSECOLS(_xlfn.ANCHORARRAY(secciones!$A$3),2)), IF(OR(CantoralDB[[#This Row],[Número antiguo]]<>"",CantoralDB[[#This Row],[Número]]<>""),"nsb","nuevas" )))} -> ain_karem | R16: {=IF(CantoralDB[[#This Row],[Autor]]="Taizé original","taize_orig", IF(CantoralDB[[#This Row],[Autor]]="Taizé en español","taize_esp", IF(CantoralDB[[#This Row],[Autor]]="Villancicos","villancicos", IF(OR(CantoralDB[[#This Row],[Número antiguo]]<>"",CantoralDB[[#This Row],[Número]]<>""),"nsb", IF(CantoralDB[[#This Row],[Número RCC]]<>"","rcce", IFERROR(_xlfn.XLOOKUP(CantoralDB[[#This Row],[Autor]],_xlfn.CHOOSECOLS(_xlfn.ANCHORARRAY(secciones!$A$3),1),_xlfn.CHOOSECOLS(_xlfn.ANCHORARRAY(secciones!$A$3),2)),"nuevas") )))))} -> ain_karem | S16: ="canciones/"&CantoralDB[[#This Row],[Carpeta]]&"/"&IF(CantoralDB[[#This Row],[Autor]]="Taizé en español", SUBSTITUTE(SUBSTITUTE(SUBSTITUTE(SUBSTITUTE(SUBSTITUTE(SUBSTITUTE(SUBSTITUTE(SUBSTITUTE(SUBSTITUTE(SUBSTITUTE(SUBSTITUTE(LOWER(CantoralDB[[#This Row],[Linked]]),"á","a"),"é","e"),"í","i"),"ó","o"),"ú","u")," ","_"),"¿",""),"?",""),"¡",""),"!",""),",","")&".html", SUBSTITUTE(SUBSTITUTE(SUBSTITUTE(SUBSTITUTE(SUBSTITUTE(SUBSTITUTE(SUBSTITUTE(SUBSTITUTE(SUBSTITUTE(SUBSTITUTE(SUBSTITUTE(LOWER(CantoralDB[[#This Row],[Título]]),"á","a"),"é","e"),"í","i"),"ó","o"),"ú","u")," ","_"),"¿",""),"?",""),"¡",""),"!",""),",","")&".html") -> canciones/ain_karem/fuertes_humildes_y_diligentes.html | V16: https://open.spotify.com/intl-es/track/2bC2Iiuh9dsOg1VG9bOGVk?si=af7c8eea8e734cf9 | W16: =IF(CantoralDB[[#This Row],[Linked]]="X","","<li"& IF(CantoralDB[[#This Row],[Autor]]="-",""," data-author="""&CantoralDB[[#This Row],[Autor]]&"""")& IF(ISBLANK(CantoralDB[[#This Row],[Momento]]),""," data-momento="""&CantoralDB[[#This Row],[Momento]]&"""")& IF(ISBLANK(CantoralDB[[#This Row],[Número]]),""," data-nnew="""&CantoralDB[[#This Row],[Número]]&"""")& IF(ISBLANK(CantoralDB[[#This Row],[Número antiguo]]),""," data-nold="""&CantoralDB[[#This Row],[Número antiguo]]&"""")& IF(ISBLANK(CantoralDB[[#This Row],[Número RCC]]),""," data-nrcc="""&CantoralDB[[#This Row],[Número RCC]]&"""")& "><a href="""&CantoralDB[[#This Row],[Ruta]]&""">"&CantoralDB[[#This Row],[Título]]&"</a></li>") -> <li data-author="Ain Karem"><a href="canciones/ain_karem/fuertes_humildes_y_diligentes.html">Fuertes, humildes y diligentes</a></li> | X16: =_xlfn.TEXTBEFORE(_xlfn.TEXTAFTER(CantoralDB[[#This Row],[index.html]],">"),">")&">" -> <a href="canciones/ain_karem/fuertes_humildes_y_diligentes.html">
A17: =ROW(CantoralDB[[#This Row],[Título]])-1 -> 16 | B17: Ain Karem | H17: Sol | I17: cej2 | J17: OK | M17: Ain Karem | N17: Alégrate | O17: 1 | P17: 2004 | Q17: {=IF(OR(CantoralDB[[#This Row],[Autor]]="Taizé en español",CantoralDB[[#This Row],[Autor]]="Taizé original",CantoralDB[[#This Row],[Autor]]="Taizé"),"taize", IFERROR(_xlfn.XLOOKUP(CantoralDB[[#This Row],[Autor]],_xlfn.CHOOSECOLS(_xlfn.ANCHORARRAY(secciones!$A$3),1),_xlfn.CHOOSECOLS(_xlfn.ANCHORARRAY(secciones!$A$3),2)), IF(OR(CantoralDB[[#This Row],[Número antiguo]]<>"",CantoralDB[[#This Row],[Número]]<>""),"nsb","nuevas" )))} -> ain_karem | R17: {=IF(CantoralDB[[#This Row],[Autor]]="Taizé original","taize_orig", IF(CantoralDB[[#This Row],[Autor]]="Taizé en español","taize_esp", IF(CantoralDB[[#This Row],[Autor]]="Villancicos","villancicos", IF(OR(CantoralDB[[#This Row],[Número antiguo]]<>"",CantoralDB[[#This Row],[Número]]<>""),"nsb", IF(CantoralDB[[#This Row],[Número RCC]]<>"","rcce", IFERROR(_xlfn.XLOOKUP(CantoralDB[[#This Row],[Autor]],_xlfn.CHOOSECOLS(_xlfn.ANCHORARRAY(secciones!$A$3),1),_xlfn.CHOOSECOLS(_xlfn.ANCHORARRAY(secciones!$A$3),2)),"nuevas") )))))} -> ain_karem | S17: ="canciones/"&CantoralDB[[#This Row],[Carpeta]]&"/"&IF(CantoralDB[[#This Row],[Autor]]="Taizé en español", SUBSTITUTE(SUBSTITUTE(SUBSTITUTE(SUBSTITUTE(SUBSTITUTE(SUBSTITUTE(SUBSTITUTE(SUBSTITUTE(SUBSTITUTE(SUBSTITUTE(SUBSTITUTE(LOWER(CantoralDB[[#This Row],[Linked]]),"á","a"),"é","e"),"í","i"),"ó","o"),"ú","u")," ","_"),"¿",""),"?",""),"¡",""),"!",""),",","")&".html", SUBSTITUTE(SUBSTITUTE(SUBSTITUTE(SUBSTITUTE(SUBSTITUTE(SUBSTITUTE(SUBSTITUTE(SUBSTITUTE(SUBSTITUTE(SUBSTITUTE(SUBSTITUTE(LOWER(CantoralDB[[#This Row],[Título]]),"á","a"),"é","e"),"í","i"),"ó","o"),"ú","u")," ","_"),"¿",""),"?",""),"¡",""),"!",""),",","")&".html") -> canciones/ain_karem/ain_karem.html | V17: https://www.youtube.com/watch?v=ViaYUQp5RHk | W17: =IF(CantoralDB[[#This Row],[Linked]]="X","","<li"& IF(CantoralDB[[#This Row],[Autor]]="-",""," data-author="""&CantoralDB[[#This Row],[Autor]]&"""")& IF(ISBLANK(CantoralDB[[#This Row],[Momento]]),""," data-momento="""&CantoralDB[[#This Row],[Momento]]&"""")& IF(ISBLANK(CantoralDB[[#This Row],[Número]]),""," data-nnew="""&CantoralDB[[#This Row],[Número]]&"""")& IF(ISBLANK(CantoralDB[[#This Row],[Número antiguo]]),""," data-nold="""&CantoralDB[[#This Row],[Número antiguo]]&"""")& IF(ISBLANK(CantoralDB[[#This Row],[Número RCC]]),""," data-nrcc="""&CantoralDB[[#This Row],[Número RCC]]&"""")& "><a href="""&CantoralDB[[#This Row],[Ruta]]&""">"&CantoralDB[[#This Row],[Título]]&"</a></li>") -> <li data-author="Ain Karem"><a href="canciones/ain_karem/ain_karem.html">Ain Karem</a></li> | X17: =_xlfn.TEXTBEFORE(_xlfn.TEXTAFTER(CantoralDB[[#This Row],[index.html]],">"),">")&">" -> <a href="canciones/ain_karem/ain_karem.html">
A18: =ROW(CantoralDB[[#This Row],[Título]])-1 -> 17 | B18: Te basta mi gracia | H18: Do | I18: cej2 | J18: OK | M18: Ain Karem | N18: Alégrate | O18: 2 | P18: 2004 | Q18: {=IF(OR(CantoralDB[[#This Row],[Autor]]="Taizé en español",CantoralDB[[#This Row],[Autor]]="Taizé original",CantoralDB[[#This Row],[Autor]]="Taizé"),"taize", IFERROR(_xlfn.XLOOKUP(CantoralDB[[#This Row],[Autor]],_xlfn.CHOOSECOLS(_xlfn.ANCHORARRAY(secciones!$A$3),1),_xlfn.CHOOSECOLS(_xlfn.ANCHORARRAY(secciones!$A$3),2)), IF(OR(CantoralDB[[#This Row],[Número antiguo]]<>"",CantoralDB[[#This Row],[Número]]<>""),"nsb","nuevas" )))} -> ain_karem | R18: {=IF(CantoralDB[[#This Row],[Autor]]="Taizé original","taize_orig", IF(CantoralDB[[#This Row],[Autor]]="Taizé en español","taize_esp", IF(CantoralDB[[#This Row],[Autor]]="Villancicos","villancicos", IF(OR(CantoralDB[[#This Row],[Número antiguo]]<>"",CantoralDB[[#This Row],[Número]]<>""),"nsb", IF(CantoralDB[[#This Row],[Número RCC]]<>"","rcce", IFERROR(_xlfn.XLOOKUP(CantoralDB[[#This Row],[Autor]],_xlfn.CHOOSECOLS(_xlfn.ANCHORARRAY(secciones!$A$3),1),_xlfn.CHOOSECOLS(_xlfn.ANCHORARRAY(secciones!$A$3),2)),"nuevas") )))))} -> ain_karem | S18: ="canciones/"&CantoralDB[[#This Row],[Carpeta]]&"/"&IF(CantoralDB[[#This Row],[Autor]]="Taizé en español", SUBSTITUTE(SUBSTITUTE(SUBSTITUTE(SUBSTITUTE(SUBSTITUTE(SUBSTITUTE(SUBSTITUTE(SUBSTITUTE(SUBSTITUTE(SUBSTITUTE(SUBSTITUTE(LOWER(CantoralDB[[#This Row],[Linked]]),"á","a"),"é","e"),"í","i"),"ó","o"),"ú","u")," ","_"),"¿",""),"?",""),"¡",""),"!",""),",","")&".html", SUBSTITUTE(SUBSTITUTE(SUBSTITUTE(SUBSTITUTE(SUBSTITUTE(SUBSTITUTE(SUBSTITUTE(SUBSTITUTE(SUBSTITUTE(SUBSTITUTE(SUBSTITUTE(LOWER(CantoralDB[[#This Row],[Título]]),"á","a"),"é","e"),"í","i"),"ó","o"),"ú","u")," ","_"),"¿",""),"?",""),"¡",""),"!",""),",","")&".html") -> canciones/ain_karem/te_basta_mi_gracia.html | V18: https://www.youtube.com/watch?v=-VdcljDSRgU | W18: =IF(CantoralDB[[#This Row],[Linked]]="X","","<li"& IF(CantoralDB[[#This Row],[Autor]]="-",""," data-author="""&CantoralDB[[#This Row],[Autor]]&"""")& IF(ISBLANK(CantoralDB[[#This Row],[Momento]]),""," data-momento="""&CantoralDB[[#This Row],[Momento]]&"""")& IF(ISBLANK(CantoralDB[[#This Row],[Número]]),""," data-nnew="""&CantoralDB[[#This Row],[Número]]&"""")& IF(ISBLANK(CantoralDB[[#This Row],[Número antiguo]]),""," data-nold="""&CantoralDB[[#This Row],[Número antiguo]]&"""")& IF(ISBLANK(CantoralDB[[#This Row],[Número RCC]]),""," data-nrcc="""&CantoralDB[[#This Row],[Número RCC]]&"""")& "><a href="""&CantoralDB[[#This Row],[Ruta]]&""">"&CantoralDB[[#This Row],[Título]]&"</a></li>") -> <li data-author="Ain Karem"><a href="canciones/ain_karem/te_basta_mi_gracia.html">Te basta mi gracia</a></li> | X18: =_xlfn.TEXTBEFORE(_xlfn.TEXTAFTER(CantoralDB[[#This Row],[index.html]],">"),">")&">" -> <a href="canciones/ain_karem/te_basta_mi_gracia.html">
A19: =ROW(CantoralDB[[#This Row],[Título]])-1 -> 18 | B19: Poneos en pie | H19: Do | I19: cej3 | J19: OK | M19: Ain Karem | N19: Alégrate | O19: 3 | P19: 2004 | Q19: {=IF(OR(CantoralDB[[#This Row],[Autor]]="Taizé en español",CantoralDB[[#This Row],[Autor]]="Taizé original",CantoralDB[[#This Row],[Autor]]="Taizé"),"taize", IFERROR(_xlfn.XLOOKUP(CantoralDB[[#This Row],[Autor]],_xlfn.CHOOSECOLS(_xlfn.ANCHORARRAY(secciones!$A$3),1),_xlfn.CHOOSECOLS(_xlfn.ANCHORARRAY(secciones!$A$3),2)), IF(OR(CantoralDB[[#This Row],[Número antiguo]]<>"",CantoralDB[[#This Row],[Número]]<>""),"nsb","nuevas" )))} -> ain_karem | R19: {=IF(CantoralDB[[#This Row],[Autor]]="Taizé original","taize_orig", IF(CantoralDB[[#This Row],[Autor]]="Taizé en español","taize_esp", IF(CantoralDB[[#This Row],[Autor]]="Villancicos","villancicos", IF(OR(CantoralDB[[#This Row],[Número antiguo]]<>"",CantoralDB[[#This Row],[Número]]<>""),"nsb", IF(CantoralDB[[#This Row],[Número RCC]]<>"","rcce", IFERROR(_xlfn.XLOOKUP(CantoralDB[[#This Row],[Autor]],_xlfn.CHOOSECOLS(_xlfn.ANCHORARRAY(secciones!$A$3),1),_xlfn.CHOOSECOLS(_xlfn.ANCHORARRAY(secciones!$A$3),2)),"nuevas") )))))} -> ain_karem | S19: ="canciones/"&CantoralDB[[#This Row],[Carpeta]]&"/"&IF(CantoralDB[[#This Row],[Autor]]="Taizé en español", SUBSTITUTE(SUBSTITUTE(SUBSTITUTE(SUBSTITUTE(SUBSTITUTE(SUBSTITUTE(SUBSTITUTE(SUBSTITUTE(SUBSTITUTE(SUBSTITUTE(SUBSTITUTE(LOWER(CantoralDB[[#This Row],[Linked]]),"á","a"),"é","e"),"í","i"),"ó","o"),"ú","u")," ","_"),"¿",""),"?",""),"¡",""),"!",""),",","")&".html", SUBSTITUTE(SUBSTITUTE(SUBSTITUTE(SUBSTITUTE(SUBSTITUTE(SUBSTITUTE(SUBSTITUTE(SUBSTITUTE(SUBSTITUTE(SUBSTITUTE(SUBSTITUTE(LOWER(CantoralDB[[#This Row],[Título]]),"á","a"),"é","e"),"í","i"),"ó","o"),"ú","u")," ","_"),"¿",""),"?",""),"¡",""),"!",""),",","")&".html") -> canciones/ain_karem/poneos_en_pie.html | V19: https://www.youtube.com/watch?v=oSPCNIvKDsk | W19: =IF(CantoralDB[[#This Row],[Linked]]="X","","<li"& IF(CantoralDB[[#This Row],[Autor]]="-",""," data-author="""&CantoralDB[[#This Row],[Autor]]&"""")& IF(ISBLANK(CantoralDB[[#This Row],[Momento]]),""," data-momento="""&CantoralDB[[#This Row],[Momento]]&"""")& IF(ISBLANK(CantoralDB[[#This Row],[Número]]),""," data-nnew="""&CantoralDB[[#This Row],[Número]]&"""")& IF(ISBLANK(CantoralDB[[#This Row],[Número antiguo]]),""," data-nold="""&CantoralDB[[#This Row],[Número antiguo]]&"""")& IF(ISBLANK(CantoralDB[[#This Row],[Número RCC]]),""," data-nrcc="""&CantoralDB[[#This Row],[Número RCC]]&"""")& "><a href="""&CantoralDB[[#This Row],[Ruta]]&""">"&CantoralDB[[#This Row],[Título]]&"</a></li>") -> <li data-author="Ain Karem"><a href="canciones/ain_karem/poneos_en_pie.html">Poneos en pie</a></li> | X19: =_xlfn.TEXTBEFORE(_xlfn.TEXTAFTER(CantoralDB[[#This Row],[index.html]],">"),">")&">" -> <a href="canciones/ain_karem/poneos_en_pie.html">
A20: =ROW(CantoralDB[[#This Row],[Título]])-1 -> 19 | B20: Sé mi luz | H20: Sol | I20: cej3 | J20: OK | M20: Ain Karem | N20: Alégrate | O20: 4 | P20: 2004 | Q20: {=IF(OR(CantoralDB[[#This Row],[Autor]]="Taizé en español",CantoralDB[[#This Row],[Autor]]="Taizé original",CantoralDB[[#This Row],[Autor]]="Taizé"),"taize", IFERROR(_xlfn.XLOOKUP(CantoralDB[[#This Row],[Autor]],_xlfn.CHOOSECOLS(_xlfn.ANCHORARRAY(secciones!$A$3),1),_xlfn.CHOOSECOLS(_xlfn.ANCHORARRAY(secciones!$A$3),2)), IF(OR(CantoralDB[[#This Row],[Número antiguo]]<>"",CantoralDB[[#This Row],[Número]]<>""),"nsb","nuevas" )))} -> ain_karem | R20: {=IF(CantoralDB[[#This Row],[Autor]]="Taizé original","taize_orig", IF(CantoralDB[[#This Row],[Autor]]="Taizé en español","taize_esp", IF(CantoralDB[[#This Row],[Autor]]="Villancicos","villancicos", IF(OR(CantoralDB[[#This Row],[Número antiguo]]<>"",CantoralDB[[#This Row],[Número]]<>""),"nsb", IF(CantoralDB[[#This Row],[Número RCC]]<>"","rcce", IFERROR(_xlfn.XLOOKUP(CantoralDB[[#This Row],[Autor]],_xlfn.CHOOSECOLS(_xlfn.ANCHORARRAY(secciones!$A$3),1),_xlfn.CHOOSECOLS(_xlfn.ANCHORARRAY(secciones!$A$3),2)),"nuevas") )))))} -> ain_karem | S20: ="canciones/"&CantoralDB[[#This Row],[Carpeta]]&"/"&IF(CantoralDB[[#This Row],[Autor]]="Taizé en español", SUBSTITUTE(SUBSTITUTE(SUBSTITUTE(SUBSTITUTE(SUBSTITUTE(SUBSTITUTE(SUBSTITUTE(SUBSTITUTE(SUBSTITUTE(SUBSTITUTE(SUBSTITUTE(LOWER(CantoralDB[[#This Row],[Linked]]),"á","a"),"é","e"),"í","i"),"ó","o"),"ú","u")," ","_"),"¿",""),"?",""),"¡",""),"!",""),",","")&".html", SUBSTITUTE(SUBSTITUTE(SUBSTITUTE(SUBSTITUTE(SUBSTITUTE(SUBSTITUTE(SUBSTITUTE(SUBSTITUTE(SUBSTITUTE(SUBSTITUTE(SUBSTITUTE(LOWER(CantoralDB[[#This Row],[Título]]),"á","a"),"é","e"),"í","i"),"ó","o"),"ú","u")," ","_"),"¿",""),"?",""),"¡",""),"!",""),",","")&".html") -> canciones/ain_karem/se_mi_luz.html | V20: https://www.youtube.com/watch?v=olJfjn3LP7g | W20: =IF(CantoralDB[[#This Row],[Linked]]="X","","<li"& IF(CantoralDB[[#This Row],[Autor]]="-",""," data-author="""&CantoralDB[[#This Row],[Autor]]&"""")& IF(ISBLANK(CantoralDB[[#This Row],[Momento]]),""," data-momento="""&CantoralDB[[#This Row],[Momento]]&"""")& IF(ISBLANK(CantoralDB[[#This Row],[Número]]),""," data-nnew="""&CantoralDB[[#This Row],[Número]]&"""")& IF(ISBLANK(CantoralDB[[#This Row],[Número antiguo]]),""," data-nold="""&CantoralDB[[#This Row],[Número antiguo]]&"""")& IF(ISBLANK(CantoralDB[[#This Row],[Número RCC]]),""," data-nrcc="""&CantoralDB[[#This Row],[Número RCC]]&"""")& "><a href="""&CantoralDB[[#This Row],[Ruta]]&""">"&CantoralDB[[#This Row],[Título]]&"</a></li>") -> <li data-author="Ain Karem"><a href="canciones/ain_karem/se_mi_luz.html">Sé mi luz</a></li> | X20: =_xlfn.TEXTBEFORE(_xlfn.TEXTAFTER(CantoralDB[[#This Row],[index.html]],">"),">")&">" -> <a href="canciones/ain_karem/se_mi_luz.html">
A21: =ROW(CantoralDB[[#This Row],[Título]])-1 -> 20 | B21: Cómo podré pagarte | H21: Do | I21: cej2 | J21: OK | M21: Ain Karem | N21: Alégrate | O21: 5 | P21: 2004 | Q21: {=IF(OR(CantoralDB[[#This Row],[Autor]]="Taizé en español",CantoralDB[[#This Row],[Autor]]="Taizé original",CantoralDB[[#This Row],[Autor]]="Taizé"),"taize", IFERROR(_xlfn.XLOOKUP(CantoralDB[[#This Row],[Autor]],_xlfn.CHOOSECOLS(_xlfn.ANCHORARRAY(secciones!$A$3),1),_xlfn.CHOOSECOLS(_xlfn.ANCHORARRAY(secciones!$A$3),2)), IF(OR(CantoralDB[[#This Row],[Número antiguo]]<>"",CantoralDB[[#This Row],[Número]]<>""),"nsb","nuevas" )))} -> ain_karem | R21: {=IF(CantoralDB[[#This Row],[Autor]]="Taizé original","taize_orig", IF(CantoralDB[[#This Row],[Autor]]="Taizé en español","taize_esp", IF(CantoralDB[[#This Row],[Autor]]="Villancicos","villancicos", IF(OR(CantoralDB[[#This Row],[Número antiguo]]<>"",CantoralDB[[#This Row],[Número]]<>""),"nsb", IF(CantoralDB[[#This Row],[Número RCC]]<>"","rcce", IFERROR(_xlfn.XLOOKUP(CantoralDB[[#This Row],[Autor]],_xlfn.CHOOSECOLS(_xlfn.ANCHORARRAY(secciones!$A$3),1),_xlfn.CHOOSECOLS(_xlfn.ANCHORARRAY(secciones!$A$3),2)),"nuevas") )))))} -> ain_karem | S21: ="canciones/"&CantoralDB[[#This Row],[Carpeta]]&"/"&IF(CantoralDB[[#This Row],[Autor]]="Taizé en español", SUBSTITUTE(SUBSTITUTE(SUBSTITUTE(SUBSTITUTE(SUBSTITUTE(SUBSTITUTE(SUBSTITUTE(SUBSTITUTE(SUBSTITUTE(SUBSTITUTE(SUBSTITUTE(LOWER(CantoralDB[[#This Row],[Linked]]),"á","a"),"é","e"),"í","i"),"ó","o"),"ú","u")," ","_"),"¿",""),"?",""),"¡",""),"!",""),",","")&".html", SUBSTITUTE(SUBSTITUTE(SUBSTITUTE(SUBSTITUTE(SUBSTITUTE(SUBSTITUTE(SUBSTITUTE(SUBSTITUTE(SUBSTITUTE(SUBSTITUTE(SUBSTITUTE(LOWER(CantoralDB[[#This Row],[Título]]),"á","a"),"é","e"),"í","i"),"ó","o"),"ú","u")," ","_"),"¿",""),"?",""),"¡",""),"!",""),",","")&".html") -> canciones/ain_karem/como_podre_pagarte.html | V21: https://www.youtube.com/watch?v=Ci6dfFOm4_k | W21: =IF(CantoralDB[[#This Row],[Linked]]="X","","<li"& IF(CantoralDB[[#This Row],[Autor]]="-",""," data-author="""&CantoralDB[[#This Row],[Autor]]&"""")& IF(ISBLANK(CantoralDB[[#This Row],[Momento]]),""," data-momento="""&CantoralDB[[#This Row],[Momento]]&"""")& IF(ISBLANK(CantoralDB[[#This Row],[Número]]),""," data-nnew="""&CantoralDB[[#This Row],[Número]]&"""")& IF(ISBLANK(CantoralDB[[#This Row],[Número antiguo]]),""," data-nold="""&CantoralDB[[#This Row],[Número antiguo]]&"""")& IF(ISBLANK(CantoralDB[[#This Row],[Número RCC]]),""," data-nrcc="""&CantoralDB[[#This Row],[Número RCC]]&"""")& "><a href="""&CantoralDB[[#This Row],[Ruta]]&""">"&CantoralDB[[#This Row],[Título]]&"</a></li>") -> <li data-author="Ain Karem"><a href="canciones/ain_karem/como_podre_pagarte.html">Cómo podré pagarte</a></li> | X21: =_xlfn.TEXTBEFORE(_xlfn.TEXTAFTER(CantoralDB[[#This Row],[index.html]],">"),">")&">" -> <a href="canciones/ain_karem/como_podre_pagarte.html">
A22: =ROW(CantoralDB[[#This Row],[Título]])-1 -> 21 | B22: Palabras de vida | H22: Do | I22: cej1 | J22: OK | M22: Ain Karem | N22: Alégrate | O22: 6 | P22: 2004 | Q22: {=IF(OR(CantoralDB[[#This Row],[Autor]]="Taizé en español",CantoralDB[[#This Row],[Autor]]="Taizé original",CantoralDB[[#This Row],[Autor]]="Taizé"),"taize", IFERROR(_xlfn.XLOOKUP(CantoralDB[[#This Row],[Autor]],_xlfn.CHOOSECOLS(_xlfn.ANCHORARRAY(secciones!$A$3),1),_xlfn.CHOOSECOLS(_xlfn.ANCHORARRAY(secciones!$A$3),2)), IF(OR(CantoralDB[[#This Row],[Número antiguo]]<>"",CantoralDB[[#This Row],[Número]]<>""),"nsb","nuevas" )))} -> ain_karem | R22: {=IF(CantoralDB[[#This Row],[Autor]]="Taizé original","taize_orig", IF(CantoralDB[[#This Row],[Autor]]="Taizé en español","taize_esp", IF(CantoralDB[[#This Row],[Autor]]="Villancicos","villancicos", IF(OR(CantoralDB[[#This Row],[Número antiguo]]<>"",CantoralDB[[#This Row],[Número]]<>""),"nsb", IF(CantoralDB[[#This Row],[Número RCC]]<>"","rcce", IFERROR(_xlfn.XLOOKUP(CantoralDB[[#This Row],[Autor]],_xlfn.CHOOSECOLS(_xlfn.ANCHORARRAY(secciones!$A$3),1),_xlfn.CHOOSECOLS(_xlfn.ANCHORARRAY(secciones!$A$3),2)),"nuevas") )))))} -> ain_karem | S22: ="canciones/"&CantoralDB[[#This Row],[Carpeta]]&"/"&IF(CantoralDB[[#This Row],[Autor]]="Taizé en español", SUBSTITUTE(SUBSTITUTE(SUBSTITUTE(SUBSTITUTE(SUBSTITUTE(SUBSTITUTE(SUBSTITUTE(SUBSTITUTE(SUBSTITUTE(SUBSTITUTE(SUBSTITUTE(LOWER(CantoralDB[[#This Row],[Linked]]),"á","a"),"é","e"),"í","i"),"ó","o"),"ú","u")," ","_"),"¿",""),"?",""),"¡",""),"!",""),",","")&".html", SUBSTITUTE(SUBSTITUTE(SUBSTITUTE(SUBSTITUTE(SUBSTITUTE(SUBSTITUTE(SUBSTITUTE(SUBSTITUTE(SUBSTITUTE(SUBSTITUTE(SUBSTITUTE(LOWER(CantoralDB[[#This Row],[Título]]),"á","a"),"é","e"),"í","i"),"ó","o"),"ú","u")," ","_"),"¿",""),"?",""),"¡",""),"!",""),",","")&".html") -> canciones/ain_karem/palabras_de_vida.html | V22: https://www.youtube.com/watch?v=tmLigitmH8c | W22: =IF(CantoralDB[[#This Row],[Linked]]="X","","<li"& IF(CantoralDB[[#This Row],[Autor]]="-",""," data-author="""&CantoralDB[[#This Row],[Autor]]&"""")& IF(ISBLANK(CantoralDB[[#This Row],[Momento]]),""," data-momento="""&CantoralDB[[#This Row],[Momento]]&"""")& IF(ISBLANK(CantoralDB[[#This Row],[Número]]),""," data-nnew="""&CantoralDB[[#This Row],[Número]]&"""")& IF(ISBLANK(CantoralDB[[#This Row],[Número antiguo]]),""," data-nold="""&CantoralDB[[#This Row],[Número antiguo]]&"""")& IF(ISBLANK(CantoralDB[[#This Row],[Número RCC]]),""," data-nrcc="""&CantoralDB[[#This Row],[Número RCC]]&"""")& "><a href="""&CantoralDB[[#This Row],[Ruta]]&""">"&CantoralDB[[#This Row],[Título]]&"</a></li>") -> <li data-author="Ain Karem"><a href="canciones/ain_karem/palabras_de_vida.html">Palabras de vida</a></li> | X22: =_xlfn.TEXTBEFORE(_xlfn.TEXTAFTER(CantoralDB[[#This Row],[index.html]],">"),">")&">" -> <a href="canciones/ain_karem/palabras_de_vida.html">
A23: =ROW(CantoralDB[[#This Row],[Título]])-1 -> 22 | B23: Seducida | H23: Do | I23: cej3 | J23: OK | M23: Ain Karem | N23: Alégrate | O23: 7 | P23: 2004 | Q23: {=IF(OR(CantoralDB[[#This Row],[Autor]]="Taizé en español",CantoralDB[[#This Row],[Autor]]="Taizé original",CantoralDB[[#This Row],[Autor]]="Taizé"),"taize", IFERROR(_xlfn.XLOOKUP(CantoralDB[[#This Row],[Autor]],_xlfn.CHOOSECOLS(_xlfn.ANCHORARRAY(secciones!$A$3),1),_xlfn.CHOOSECOLS(_xlfn.ANCHORARRAY(secciones!$A$3),2)), IF(OR(CantoralDB[[#This Row],[Número antiguo]]<>"",CantoralDB[[#This Row],[Número]]<>""),"nsb","nuevas" )))} -> ain_karem | R23: {=IF(CantoralDB[[#This Row],[Autor]]="Taizé original","taize_orig", IF(CantoralDB[[#This Row],[Autor]]="Taizé en español","taize_esp", IF(CantoralDB[[#This Row],[Autor]]="Villancicos","villancicos", IF(OR(CantoralDB[[#This Row],[Número antiguo]]<>"",CantoralDB[[#This Row],[Número]]<>""),"nsb", IF(CantoralDB[[#This Row],[Número RCC]]<>"","rcce", IFERROR(_xlfn.XLOOKUP(CantoralDB[[#This Row],[Autor]],_xlfn.CHOOSECOLS(_xlfn.ANCHORARRAY(secciones!$A$3),1),_xlfn.CHOOSECOLS(_xlfn.ANCHORARRAY(secciones!$A$3),2)),"nuevas") )))))} -> ain_karem | S23: ="canciones/"&CantoralDB[[#This Row],[Carpeta]]&"/"&IF(CantoralDB[[#This Row],[Autor]]="Taizé en español", SUBSTITUTE(SUBSTITUTE(SUBSTITUTE(SUBSTITUTE(SUBSTITUTE(SUBSTITUTE(SUBSTITUTE(SUBSTITUTE(SUBSTITUTE(SUBSTITUTE(SUBSTITUTE(LOWER(CantoralDB[[#This Row],[Linked]]),"á","a"),"é","e"),"í","i"),"ó","o"),"ú","u")," ","_"),"¿",""),"?",""),"¡",""),"!",""),",","")&".html", SUBSTITUTE(SUBSTITUTE(SUBSTITUTE(SUBSTITUTE(SUBSTITUTE(SUBSTITUTE(SUBSTITUTE(SUBSTITUTE(SUBSTITUTE(SUBSTITUTE(SUBSTITUTE(LOWER(CantoralDB[[#This Row],[Título]]),"á","a"),"é","e"),"í","i"),"ó","o"),"ú","u")," ","_"),"¿",""),"?",""),"¡",""),"!",""),",","")&".html") -> canciones/ain_karem/seducida.html | V23: https://www.youtube.com/watch?v=r35z2wxWeRg | W23: =IF(CantoralDB[[#This Row],[Linked]]="X","","<li"& IF(CantoralDB[[#This Row],[Autor]]="-",""," data-author="""&CantoralDB[[#This Row],[Autor]]&"""")& IF(ISBLANK(CantoralDB[[#This Row],[Momento]]),""," data-momento="""&CantoralDB[[#This Row],[Momento]]&"""")& IF(ISBLANK(CantoralDB[[#This Row],[Número]]),""," data-nnew="""&CantoralDB[[#This Row],[Número]]&"""")& IF(ISBLANK(CantoralDB[[#This Row],[Número antiguo]]),""," data-nold="""&CantoralDB[[#This Row],[Número antiguo]]&"""")& IF(ISBLANK(CantoralDB[[#This Row],[Número RCC]]),""," data-nrcc="""&CantoralDB[[#This Row],[Número RCC]]&"""")& "><a href="""&CantoralDB[[#This Row],[Ruta]]&""">"&CantoralDB[[#This Row],[Título]]&"</a></li>") -> <li data-author="Ain Karem"><a href="canciones/ain_karem/seducida.html">Seducida</a></li> | X23: =_xlfn.TEXTBEFORE(_xlfn.TEXTAFTER(CantoralDB[[#This Row],[index.html]],">"),">")&">" -> <a href="canciones/ain_karem/seducida.html">
A24: =ROW(CantoralDB[[#This Row],[Título]])-1 -> 23 | B24: Escucha | H24: Do | I24: cej5 | J24: OK | M24: Ain Karem | N24: Alégrate | O24: 8 | P24: 2004 | Q24: {=IF(OR(CantoralDB[[#This Row],[Autor]]="Taizé en español",CantoralDB[[#This Row],[Autor]]="Taizé original",CantoralDB[[#This Row],[Autor]]="Taizé"),"taize", IFERROR(_xlfn.XLOOKUP(CantoralDB[[#This Row],[Autor]],_xlfn.CHOOSECOLS(_xlfn.ANCHORARRAY(secciones!$A$3),1),_xlfn.CHOOSECOLS(_xlfn.ANCHORARRAY(secciones!$A$3),2)), IF(OR(CantoralDB[[#This Row],[Número antiguo]]<>"",CantoralDB[[#This Row],[Número]]<>""),"nsb","nuevas" )))} -> ain_karem | R24: {=IF(CantoralDB[[#This Row],[Autor]]="Taizé original","taize_orig", IF(CantoralDB[[#This Row],[Autor]]="Taizé en español","taize_esp", IF(CantoralDB[[#This Row],[Autor]]="Villancicos","villancicos", IF(OR(CantoralDB[[#This Row],[Número antiguo]]<>"",CantoralDB[[#This Row],[Número]]<>""),"nsb", IF(CantoralDB[[#This Row],[Número RCC]]<>"","rcce", IFERROR(_xlfn.XLOOKUP(CantoralDB[[#This Row],[Autor]],_xlfn.CHOOSECOLS(_xlfn.ANCHORARRAY(secciones!$A$3),1),_xlfn.CHOOSECOLS(_xlfn.ANCHORARRAY(secciones!$A$3),2)),"nuevas") )))))} -> ain_karem | S24: ="canciones/"&CantoralDB[[#This Row],[Carpeta]]&"/"&IF(CantoralDB[[#This Row],[Autor]]="Taizé en español", SUBSTITUTE(SUBSTITUTE(SUBSTITUTE(SUBSTITUTE(SUBSTITUTE(SUBSTITUTE(SUBSTITUTE(SUBSTITUTE(SUBSTITUTE(SUBSTITUTE(SUBSTITUTE(LOWER(CantoralDB[[#This Row],[Linked]]),"á","a"),"é","e"),"í","i"),"ó","o"),"ú","u")," ","_"),"¿",""),"?",""),"¡",""),"!",""),",","")&".html", SUBSTITUTE(SUBSTITUTE(SUBSTITUTE(SUBSTITUTE(SUBSTITUTE(SUBSTITUTE(SUBSTITUTE(SUBSTITUTE(SUBSTITUTE(SUBSTITUTE(SUBSTITUTE(LOWER(CantoralDB[[#This Row],[Título]]),"á","a"),"é","e"),"í","i"),"ó","o"),"ú","u")," ","_"),"¿",""),"?",""),"¡",""),"!",""),",","")&".html") -> canciones/ain_karem/escucha.html | V24: https://www.youtube.com/watch?v=RDeL9aZBMlk | W24: =IF(CantoralDB[[#This Row],[Linked]]="X","","<li"& IF(CantoralDB[[#This Row],[Autor]]="-",""," data-author="""&CantoralDB[[#This Row],[Autor]]&"""")& IF(ISBLANK(CantoralDB[[#This Row],[Momento]]),""," data-momento="""&CantoralDB[[#This Row],[Momento]]&"""")& IF(ISBLANK(CantoralDB[[#This Row],[Número]]),""," data-nnew="""&CantoralDB[[#This Row],[Número]]&"""")& IF(ISBLANK(CantoralDB[[#This Row],[Número antiguo]]),""," data-nold="""&CantoralDB[[#This Row],[Número antiguo]]&"""")& IF(ISBLANK(CantoralDB[[#This Row],[Número RCC]]),""," data-nrcc="""&CantoralDB[[#This Row],[Número RCC]]&"""")& "><a href="""&CantoralDB[[#This Row],[Ruta]]&""">"&CantoralDB[[#This Row],[Título]]&"</a></li>") -> <li data-author="Ain Karem"><a href="canciones/ain_karem/escucha.html">Escucha</a></li> | X24: =_xlfn.TEXTBEFORE(_xlfn.TEXTAFTER(CantoralDB[[#This Row],[index.html]],">"),">")&">" -> <a href="canciones/ain_karem/escucha.html">
A25: =ROW(CantoralDB[[#This Row],[Título]])-1 -> 24 | B25: Ruah | H25: Do | J25: OK | M25: Ain Karem | N25: Alégrate | O25: 9 | P25: 2004 | Q25: {=IF(OR(CantoralDB[[#This Row],[Autor]]="Taizé en español",CantoralDB[[#This Row],[Autor]]="Taizé original",CantoralDB[[#This Row],[Autor]]="Taizé"),"taize", IFERROR(_xlfn.XLOOKUP(CantoralDB[[#This Row],[Autor]],_xlfn.CHOOSECOLS(_xlfn.ANCHORARRAY(secciones!$A$3),1),_xlfn.CHOOSECOLS(_xlfn.ANCHORARRAY(secciones!$A$3),2)), IF(OR(CantoralDB[[#This Row],[Número antiguo]]<>"",CantoralDB[[#This Row],[Número]]<>""),"nsb","nuevas" )))} -> ain_karem | R25: {=IF(CantoralDB[[#This Row],[Autor]]="Taizé original","taize_orig", IF(CantoralDB[[#This Row],[Autor]]="Taizé en español","taize_esp", IF(CantoralDB[[#This Row],[Autor]]="Villancicos","villancicos", IF(OR(CantoralDB[[#This Row],[Número antiguo]]<>"",CantoralDB[[#This Row],[Número]]<>""),"nsb", IF(CantoralDB[[#This Row],[Número RCC]]<>"","rcce", IFERROR(_xlfn.XLOOKUP(CantoralDB[[#This Row],[Autor]],_xlfn.CHOOSECOLS(_xlfn.ANCHORARRAY(secciones!$A$3),1),_xlfn.CHOOSECOLS(_xlfn.ANCHORARRAY(secciones!$A$3),2)),"nuevas") )))))} -> ain_karem | S25: ="canciones/"&CantoralDB[[#This Row],[Carpeta]]&"/"&IF(CantoralDB[[#This Row],[Autor]]="Taizé en español", SUBSTITUTE(SUBSTITUTE(SUBSTITUTE(SUBSTITUTE(SUBSTITUTE(SUBSTITUTE(SUBSTITUTE(SUBSTITUTE(SUBSTITUTE(SUBSTITUTE(SUBSTITUTE(LOWER(CantoralDB[[#This Row],[Linked]]),"á","a"),"é","e"),"í","i"),"ó","o"),"ú","u")," ","_"),"¿",""),"?",""),"¡",""),"!",""),",","")&".html", SUBSTITUTE(SUBSTITUTE(SUBSTITUTE(SUBSTITUTE(SUBSTITUTE(SUBSTITUTE(SUBSTITUTE(SUBSTITUTE(SUBSTITUTE(SUBSTITUTE(SUBSTITUTE(LOWER(CantoralDB[[#This Row],[Título]]),"á","a"),"é","e"),"í","i"),"ó","o"),"ú","u")," ","_"),"¿",""),"?",""),"¡",""),"!",""),",","")&".html") -> canciones/ain_karem/ruah.html | V25: https://www.youtube.com/watch?v=HCtwvIyrFSk | W25: =IF(CantoralDB[[#This Row],[Linked]]="X","","<li"& IF(CantoralDB[[#This Row],[Autor]]="-",""," data-author="""&CantoralDB[[#This Row],[Autor]]&"""")& IF(ISBLANK(CantoralDB[[#This Row],[Momento]]),""," data-momento="""&CantoralDB[[#This Row],[Momento]]&"""")& IF(ISBLANK(CantoralDB[[#This Row],[Número]]),""," data-nnew="""&CantoralDB[[#This Row],[Número]]&"""")& IF(ISBLANK(CantoralDB[[#This Row],[Número antiguo]]),""," data-nold="""&CantoralDB[[#This Row],[Número antiguo]]&"""")& IF(ISBLANK(CantoralDB[[#This Row],[Número RCC]]),""," data-nrcc="""&CantoralDB[[#This Row],[Número RCC]]&"""")& "><a href="""&CantoralDB[[#This Row],[Ruta]]&""">"&CantoralDB[[#This Row],[Título]]&"</a></li>") -> <li data-author="Ain Karem"><a href="canciones/ain_karem/ruah.html">Ruah</a></li> | X25: =_xlfn.TEXTBEFORE(_xlfn.TEXTAFTER(CantoralDB[[#This Row],[index.html]],">"),">")&">" -> <a href="canciones/ain_karem/ruah.html">
A26: =ROW(CantoralDB[[#This Row],[Título]])-1 -> 25 | B26: No guardes tu vida | H26: Do | I26: cej1 | J26: OK | M26: Ain Karem | N26: Alégrate | O26: 10 | P26: 2004 | Q26: {=IF(OR(CantoralDB[[#This Row],[Autor]]="Taizé en español",CantoralDB[[#This Row],[Autor]]="Taizé original",CantoralDB[[#This Row],[Autor]]="Taizé"),"taize", IFERROR(_xlfn.XLOOKUP(CantoralDB[[#This Row],[Autor]],_xlfn.CHOOSECOLS(_xlfn.ANCHORARRAY(secciones!$A$3),1),_xlfn.CHOOSECOLS(_xlfn.ANCHORARRAY(secciones!$A$3),2)), IF(OR(CantoralDB[[#This Row],[Número antiguo]]<>"",CantoralDB[[#This Row],[Número]]<>""),"nsb","nuevas" )))} -> ain_karem | R26: {=IF(CantoralDB[[#This Row],[Autor]]="Taizé original","taize_orig", IF(CantoralDB[[#This Row],[Autor]]="Taizé en español","taize_esp", IF(CantoralDB[[#This Row],[Autor]]="Villancicos","villancicos", IF(OR(CantoralDB[[#This Row],[Número antiguo]]<>"",CantoralDB[[#This Row],[Número]]<>""),"nsb", IF(CantoralDB[[#This Row],[Número RCC]]<>"","rcce", IFERROR(_xlfn.XLOOKUP(CantoralDB[[#This Row],[Autor]],_xlfn.CHOOSECOLS(_xlfn.ANCHORARRAY(secciones!$A$3),1),_xlfn.CHOOSECOLS(_xlfn.ANCHORARRAY(secciones!$A$3),2)),"nuevas") )))))} -> ain_karem | S26: ="canciones/"&CantoralDB[[#This Row],[Carpeta]]&"/"&IF(CantoralDB[[#This Row],[Autor]]="Taizé en español", SUBSTITUTE(SUBSTITUTE(SUBSTITUTE(SUBSTITUTE(SUBSTITUTE(SUBSTITUTE(SUBSTITUTE(SUBSTITUTE(SUBSTITUTE(SUBSTITUTE(SUBSTITUTE(LOWER(CantoralDB[[#This Row],[Linked]]),"á","a"),"é","e"),"í","i"),"ó","o"),"ú","u")," ","_"),"¿",""),"?",""),"¡",""),"!",""),",","")&".html", SUBSTITUTE(SUBSTITUTE(SUBSTITUTE(SUBSTITUTE(SUBSTITUTE(SUBSTITUTE(SUBSTITUTE(SUBSTITUTE(SUBSTITUTE(SUBSTITUTE(SUBSTITUTE(LOWER(CantoralDB[[#This Row],[Título]]),"á","a"),"é","e"),"í","i"),"ó","o"),"ú","u")," ","_"),"¿",""),"?",""),"¡",""),"!",""),",","")&".html") -> canciones/ain_karem/no_guardes_tu_vida.html | V26: https://www.youtube.com/watch?v=RoDc0b7n_eQ | W26: =IF(CantoralDB[[#This Row],[Linked]]="X","","<li"& IF(CantoralDB[[#This Row],[Autor]]="-",""," data-author="""&CantoralDB[[#This Row],[Autor]]&"""")& IF(ISBLANK(CantoralDB[[#This Row],[Momento]]),""," data-momento="""&CantoralDB[[#This Row],[Momento]]&"""")& IF(ISBLANK(CantoralDB[[#This Row],[Número]]),""," data-nnew="""&CantoralDB[[#This Row],[Número]]&"""")& IF(ISBLANK(CantoralDB[[#This Row],[Número antiguo]]),""," data-nold="""&CantoralDB[[#This Row],[Número antiguo]]&"""")& IF(ISBLANK(CantoralDB[[#This Row],[Número RCC]]),""," data-nrcc="""&CantoralDB[[#This Row],[Número RCC]]&"""")& "><a href="""&CantoralDB[[#This Row],[Ruta]]&""">"&CantoralDB[[#This Row],[Título]]&"</a></li>") -> <li data-author="Ain Karem"><a href="canciones/ain_karem/no_guardes_tu_vida.html">No guardes tu vida</a></li> | X26: =_xlfn.TEXTBEFORE(_xlfn.TEXTAFTER(CantoralDB[[#This Row],[index.html]],">"),">")&">" -> <a href="canciones/ain_karem/no_guardes_tu_vida.html">
A27: =ROW(CantoralDB[[#This Row],[Título]])-1 -> 26 | B27: Atráeme | H27: Sol | I27: cej5 | J27: OK | M27: Ain Karem | N27: Alégrate | O27: 11 | P27: 2004 | Q27: {=IF(OR(CantoralDB[[#This Row],[Autor]]="Taizé en español",CantoralDB[[#This Row],[Autor]]="Taizé original",CantoralDB[[#This Row],[Autor]]="Taizé"),"taize", IFERROR(_xlfn.XLOOKUP(CantoralDB[[#This Row],[Autor]],_xlfn.CHOOSECOLS(_xlfn.ANCHORARRAY(secciones!$A$3),1),_xlfn.CHOOSECOLS(_xlfn.ANCHORARRAY(secciones!$A$3),2)), IF(OR(CantoralDB[[#This Row],[Número antiguo]]<>"",CantoralDB[[#This Row],[Número]]<>""),"nsb","nuevas" )))} -> ain_karem | R27: {=IF(CantoralDB[[#This Row],[Autor]]="Taizé original","taize_orig", IF(CantoralDB[[#This Row],[Autor]]="Taizé en español","taize_esp", IF(CantoralDB[[#This Row],[Autor]]="Villancicos","villancicos", IF(OR(CantoralDB[[#This Row],[Número antiguo]]<>"",CantoralDB[[#This Row],[Número]]<>""),"nsb", IF(CantoralDB[[#This Row],[Número RCC]]<>"","rcce", IFERROR(_xlfn.XLOOKUP(CantoralDB[[#This Row],[Autor]],_xlfn.CHOOSECOLS(_xlfn.ANCHORARRAY(secciones!$A$3),1),_xlfn.CHOOSECOLS(_xlfn.ANCHORARRAY(secciones!$A$3),2)),"nuevas") )))))} -> ain_karem | S27: ="canciones/"&CantoralDB[[#This Row],[Carpeta]]&"/"&IF(CantoralDB[[#This Row],[Autor]]="Taizé en español", SUBSTITUTE(SUBSTITUTE(SUBSTITUTE(SUBSTITUTE(SUBSTITUTE(SUBSTITUTE(SUBSTITUTE(SUBSTITUTE(SUBSTITUTE(SUBSTITUTE(SUBSTITUTE(LOWER(CantoralDB[[#This Row],[Linked]]),"á","a"),"é","e"),"í","i"),"ó","o"),"ú","u")," ","_"),"¿",""),"?",""),"¡",""),"!",""),",","")&".html", SUBSTITUTE(SUBSTITUTE(SUBSTITUTE(SUBSTITUTE(SUBSTITUTE(SUBSTITUTE(SUBSTITUTE(SUBSTITUTE(SUBSTITUTE(SUBSTITUTE(SUBSTITUTE(LOWER(CantoralDB[[#This Row],[Título]]),"á","a"),"é","e"),"í","i"),"ó","o"),"ú","u")," ","_"),"¿",""),"?",""),"¡",""),"!",""),",","")&".html") -> canciones/ain_karem/atraeme.html | V27: https://www.youtube.com/watch?v=SZExwPSdQco | W27: =IF(CantoralDB[[#This Row],[Linked]]="X","","<li"& IF(CantoralDB[[#This Row],[Autor]]="-",""," data-author="""&CantoralDB[[#This Row],[Autor]]&"""")& IF(ISBLANK(CantoralDB[[#This Row],[Momento]]),""," data-momento="""&CantoralDB[[#This Row],[Momento]]&"""")& IF(ISBLANK(CantoralDB[[#This Row],[Número]]),""," data-nnew="""&CantoralDB[[#This Row],[Número]]&"""")& IF(ISBLANK(CantoralDB[[#This Row],[Número antiguo]]),""," data-nold="""&CantoralDB[[#This Row],[Número antiguo]]&"""")& IF(ISBLANK(CantoralDB[[#This Row],[Número RCC]]),""," data-nrcc="""&CantoralDB[[#This Row],[Número RCC]]&"""")& "><a href="""&CantoralDB[[#This Row],[Ruta]]&""">"&CantoralDB[[#This Row],[Título]]&"</a></li>") -> <li data-author="Ain Karem"><a href="canciones/ain_karem/atraeme.html">Atráeme</a></li> | X27: =_xlfn.TEXTBEFORE(_xlfn.TEXTAFTER(CantoralDB[[#This Row],[index.html]],">"),">")&">" -> <a href="canciones/ain_karem/atraeme.html">
A28: =ROW(CantoralDB[[#This Row],[Título]])-1 -> 27 | B28: Dios de la historia, bendice | H28: Do | I28: cej2 | J28: OK | M28: Ain Karem | N28: Alégrate | O28: 12 | P28: 2004 | Q28: {=IF(OR(CantoralDB[[#This Row],[Autor]]="Taizé en español",CantoralDB[[#This Row],[Autor]]="Taizé original",CantoralDB[[#This Row],[Autor]]="Taizé"),"taize", IFERROR(_xlfn.XLOOKUP(CantoralDB[[#This Row],[Autor]],_xlfn.CHOOSECOLS(_xlfn.ANCHORARRAY(secciones!$A$3),1),_xlfn.CHOOSECOLS(_xlfn.ANCHORARRAY(secciones!$A$3),2)), IF(OR(CantoralDB[[#This Row],[Número antiguo]]<>"",CantoralDB[[#This Row],[Número]]<>""),"nsb","nuevas" )))} -> ain_karem | R28: {=IF(CantoralDB[[#This Row],[Autor]]="Taizé original","taize_orig", IF(CantoralDB[[#This Row],[Autor]]="Taizé en español","taize_esp", IF(CantoralDB[[#This Row],[Autor]]="Villancicos","villancicos", IF(OR(CantoralDB[[#This Row],[Número antiguo]]<>"",CantoralDB[[#This Row],[Número]]<>""),"nsb", IF(CantoralDB[[#This Row],[Número RCC]]<>"","rcce", IFERROR(_xlfn.XLOOKUP(CantoralDB[[#This Row],[Autor]],_xlfn.CHOOSECOLS(_xlfn.ANCHORARRAY(secciones!$A$3),1),_xlfn.CHOOSECOLS(_xlfn.ANCHORARRAY(secciones!$A$3),2)),"nuevas") )))))} -> ain_karem | S28: ="canciones/"&CantoralDB[[#This Row],[Carpeta]]&"/"&IF(CantoralDB[[#This Row],[Autor]]="Taizé en español", SUBSTITUTE(SUBSTITUTE(SUBSTITUTE(SUBSTITUTE(SUBSTITUTE(SUBSTITUTE(SUBSTITUTE(SUBSTITUTE(SUBSTITUTE(SUBSTITUTE(SUBSTITUTE(LOWER(CantoralDB[[#This Row],[Linked]]),"á","a"),"é","e"),"í","i"),"ó","o"),"ú","u")," ","_"),"¿",""),"?",""),"¡",""),"!",""),",","")&".html", SUBSTITUTE(SUBSTITUTE(SUBSTITUTE(SUBSTITUTE(SUBSTITUTE(SUBSTITUTE(SUBSTITUTE(SUBSTITUTE(SUBSTITUTE(SUBSTITUTE(SUBSTITUTE(LOWER(CantoralDB[[#This Row],[Título]]),"á","a"),"é","e"),"í","i"),"ó","o"),"ú","u")," ","_"),"¿",""),"?",""),"¡",""),"!",""),",","")&".html") -> canciones/ain_karem/dios_de_la_historia_bendice.html | V28: https://www.youtube.com/watch?v=7KVXWdRV7TY | W28: =IF(CantoralDB[[#This Row],[Linked]]="X","","<li"& IF(CantoralDB[[#This Row],[Autor]]="-",""," data-author="""&CantoralDB[[#This Row],[Autor]]&"""")& IF(ISBLANK(CantoralDB[[#This Row],[Momento]]),""," data-momento="""&CantoralDB[[#This Row],[Momento]]&"""")& IF(ISBLANK(CantoralDB[[#This Row],[Número]]),""," data-nnew="""&CantoralDB[[#This Row],[Número]]&"""")& IF(ISBLANK(CantoralDB[[#This Row],[Número antiguo]]),""," data-nold="""&CantoralDB[[#This Row],[Número antiguo]]&"""")& IF(ISBLANK(CantoralDB[[#This Row],[Número RCC]]),""," data-nrcc="""&CantoralDB[[#This Row],[Número RCC]]&"""")& "><a href="""&CantoralDB[[#This Row],[Ruta]]&""">"&CantoralDB[[#This Row],[Título]]&"</a></li>") -> <li data-author="Ain Karem"><a href="canciones/ain_karem/dios_de_la_historia_bendice.html">Dios de la historia, bendice</a></li> | X28: =_xlfn.TEXTBEFORE(_xlfn.TEXTAFTER(CantoralDB[[#This Row],[index.html]],">"),">")&">" -> <a href="canciones/ain_karem/dios_de_la_historia_bendice.html">
A29: =ROW(CantoralDB[[#This Row],[Título]])-1 -> 28 | B29: Levantad las piedras | H29: Sol | I29: cej4 | J29: OK | M29: Ain Karem | N29: Alégrate | O29: 13 | P29: 2004 | Q29: {=IF(OR(CantoralDB[[#This Row],[Autor]]="Taizé en español",CantoralDB[[#This Row],[Autor]]="Taizé original",CantoralDB[[#This Row],[Autor]]="Taizé"),"taize", IFERROR(_xlfn.XLOOKUP(CantoralDB[[#This Row],[Autor]],_xlfn.CHOOSECOLS(_xlfn.ANCHORARRAY(secciones!$A$3),1),_xlfn.CHOOSECOLS(_xlfn.ANCHORARRAY(secciones!$A$3),2)), IF(OR(CantoralDB[[#This Row],[Número antiguo]]<>"",CantoralDB[[#This Row],[Número]]<>""),"nsb","nuevas" )))} -> ain_karem | R29: {=IF(CantoralDB[[#This Row],[Autor]]="Taizé original","taize_orig", IF(CantoralDB[[#This Row],[Autor]]="Taizé en español","taize_esp", IF(CantoralDB[[#This Row],[Autor]]="Villancicos","villancicos", IF(OR(CantoralDB[[#This Row],[Número antiguo]]<>"",CantoralDB[[#This Row],[Número]]<>""),"nsb", IF(CantoralDB[[#This Row],[Número RCC]]<>"","rcce", IFERROR(_xlfn.XLOOKUP(CantoralDB[[#This Row],[Autor]],_xlfn.CHOOSECOLS(_xlfn.ANCHORARRAY(secciones!$A$3),1),_xlfn.CHOOSECOLS(_xlfn.ANCHORARRAY(secciones!$A$3),2)),"nuevas") )))))} -> ain_karem | S29: ="canciones/"&CantoralDB[[#This Row],[Carpeta]]&"/"&IF(CantoralDB[[#This Row],[Autor]]="Taizé en español", SUBSTITUTE(SUBSTITUTE(SUBSTITUTE(SUBSTITUTE(SUBSTITUTE(SUBSTITUTE(SUBSTITUTE(SUBSTITUTE(SUBSTITUTE(SUBSTITUTE(SUBSTITUTE(LOWER(CantoralDB[[#This Row],[Linked]]),"á","a"),"é","e"),"í","i"),"ó","o"),"ú","u")," ","_"),"¿",""),"?",""),"¡",""),"!",""),",","")&".html", SUBSTITUTE(SUBSTITUTE(SUBSTITUTE(SUBSTITUTE(SUBSTITUTE(SUBSTITUTE(SUBSTITUTE(SUBSTITUTE(SUBSTITUTE(SUBSTITUTE(SUBSTITUTE(LOWER(CantoralDB[[#This Row],[Título]]),"á","a"),"é","e"),"í","i"),"ó","o"),"ú","u")," ","_"),"¿",""),"?",""),"¡",""),"!",""),",","")&".html") -> canciones/ain_karem/levantad_las_piedras.html | V29: https://www.youtube.com/watch?v=1uwHUrkgnFE | W29: =IF(CantoralDB[[#This Row],[Linked]]="X","","<li"& IF(CantoralDB[[#This Row],[Autor]]="-",""," data-author="""&CantoralDB[[#This Row],[Autor]]&"""")& IF(ISBLANK(CantoralDB[[#This Row],[Momento]]),""," data-momento="""&CantoralDB[[#This Row],[Momento]]&"""")& IF(ISBLANK(CantoralDB[[#This Row],[Número]]),""," data-nnew="""&CantoralDB[[#This Row],[Número]]&"""")& IF(ISBLANK(CantoralDB[[#This Row],[Número antiguo]]),""," data-nold="""&CantoralDB[[#This Row],[Número antiguo]]&"""")& IF(ISBLANK(CantoralDB[[#This Row],[Número RCC]]),""," data-nrcc="""&CantoralDB[[#This Row],[Número RCC]]&"""")& "><a href="""&CantoralDB[[#This Row],[Ruta]]&""">"&CantoralDB[[#This Row],[Título]]&"</a></li>") -> <li data-author="Ain Karem"><a href="canciones/ain_karem/levantad_las_piedras.html">Levantad las piedras</a></li> | X29: =_xlfn.TEXTBEFORE(_xlfn.TEXTAFTER(CantoralDB[[#This Row],[index.html]],">"),">")&">" -> <a href="canciones/ain_karem/levantad_las_piedras.html">
A30: =ROW(CantoralDB[[#This Row],[Título]])-1 -> 29 | B30: Aleluya | H30: Do | I30: cej4 | J30: OK | M30: Ain Karem | N30: Busca mi rostro | O30: 1 | P30: 2013 | Q30: {=IF(OR(CantoralDB[[#This Row],[Autor]]="Taizé en español",CantoralDB[[#This Row],[Autor]]="Taizé original",CantoralDB[[#This Row],[Autor]]="Taizé"),"taize", IFERROR(_xlfn.XLOOKUP(CantoralDB[[#This Row],[Autor]],_xlfn.CHOOSECOLS(_xlfn.ANCHORARRAY(secciones!$A$3),1),_xlfn.CHOOSECOLS(_xlfn.ANCHORARRAY(secciones!$A$3),2)), IF(OR(CantoralDB[[#This Row],[Número antiguo]]<>"",CantoralDB[[#This Row],[Número]]<>""),"nsb","nuevas" )))} -> ain_karem | R30: {=IF(CantoralDB[[#This Row],[Autor]]="Taizé original","taize_orig", IF(CantoralDB[[#This Row],[Autor]]="Taizé en español","taize_esp", IF(CantoralDB[[#This Row],[Autor]]="Villancicos","villancicos", IF(OR(CantoralDB[[#This Row],[Número antiguo]]<>"",CantoralDB[[#This Row],[Número]]<>""),"nsb", IF(CantoralDB[[#This Row],[Número RCC]]<>"","rcce", IFERROR(_xlfn.XLOOKUP(CantoralDB[[#This Row],[Autor]],_xlfn.CHOOSECOLS(_xlfn.ANCHORARRAY(secciones!$A$3),1),_xlfn.CHOOSECOLS(_xlfn.ANCHORARRAY(secciones!$A$3),2)),"nuevas") )))))} -> ain_karem | S30: ="canciones/"&CantoralDB[[#This Row],[Carpeta]]&"/"&IF(CantoralDB[[#This Row],[Autor]]="Taizé en español", SUBSTITUTE(SUBSTITUTE(SUBSTITUTE(SUBSTITUTE(SUBSTITUTE(SUBSTITUTE(SUBSTITUTE(SUBSTITUTE(SUBSTITUTE(SUBSTITUTE(SUBSTITUTE(LOWER(CantoralDB[[#This Row],[Linked]]),"á","a"),"é","e"),"í","i"),"ó","o"),"ú","u")," ","_"),"¿",""),"?",""),"¡",""),"!",""),",","")&".html", SUBSTITUTE(SUBSTITUTE(SUBSTITUTE(SUBSTITUTE(SUBSTITUTE(SUBSTITUTE(SUBSTITUTE(SUBSTITUTE(SUBSTITUTE(SUBSTITUTE(SUBSTITUTE(LOWER(CantoralDB[[#This Row],[Título]]),"á","a"),"é","e"),"í","i"),"ó","o"),"ú","u")," ","_"),"¿",""),"?",""),"¡",""),"!",""),",","")&".html") -> canciones/ain_karem/aleluya.html | V30: https://www.youtube.com/watch?v=tmW2MgnLV1w | W30: =IF(CantoralDB[[#This Row],[Linked]]="X","","<li"& IF(CantoralDB[[#This Row],[Autor]]="-",""," data-author="""&CantoralDB[[#This Row],[Autor]]&"""")& IF(ISBLANK(CantoralDB[[#This Row],[Momento]]),""," data-momento="""&CantoralDB[[#This Row],[Momento]]&"""")& IF(ISBLANK(CantoralDB[[#This Row],[Número]]),""," data-nnew="""&CantoralDB[[#This Row],[Número]]&"""")& IF(ISBLANK(CantoralDB[[#This Row],[Número antiguo]]),""," data-nold="""&CantoralDB[[#This Row],[Número antiguo]]&"""")& IF(ISBLANK(CantoralDB[[#This Row],[Número RCC]]),""," data-nrcc="""&CantoralDB[[#This Row],[Número RCC]]&"""")& "><a href="""&CantoralDB[[#This Row],[Ruta]]&""">"&CantoralDB[[#This Row],[Título]]&"</a></li>") -> <li data-author="Ain Karem"><a href="canciones/ain_karem/aleluya.html">Aleluya</a></li> | X30: =_xlfn.TEXTBEFORE(_xlfn.TEXTAFTER(CantoralDB[[#This Row],[index.html]],">"),">")&">" -> <a href="canciones/ain_karem/aleluya.html">
A31: =ROW(CantoralDB[[#This Row],[Título]])-1 -> 30 | B31: Tú eres mi bien | H31: Sol | I31: cej1 | J31: OK | M31: Ain Karem | N31: Busca mi rostro | O31: 2 | P31: 2013 | Q31: {=IF(OR(CantoralDB[[#This Row],[Autor]]="Taizé en español",CantoralDB[[#This Row],[Autor]]="Taizé original",CantoralDB[[#This Row],[Autor]]="Taizé"),"taize", IFERROR(_xlfn.XLOOKUP(CantoralDB[[#This Row],[Autor]],_xlfn.CHOOSECOLS(_xlfn.ANCHORARRAY(secciones!$A$3),1),_xlfn.CHOOSECOLS(_xlfn.ANCHORARRAY(secciones!$A$3),2)), IF(OR(CantoralDB[[#This Row],[Número antiguo]]<>"",CantoralDB[[#This Row],[Número]]<>""),"nsb","nuevas" )))} -> ain_karem | R31: {=IF(CantoralDB[[#This Row],[Autor]]="Taizé original","taize_orig", IF(CantoralDB[[#This Row],[Autor]]="Taizé en español","taize_esp", IF(CantoralDB[[#This Row],[Autor]]="Villancicos","villancicos", IF(OR(CantoralDB[[#This Row],[Número antiguo]]<>"",CantoralDB[[#This Row],[Número]]<>""),"nsb", IF(CantoralDB[[#This Row],[Número RCC]]<>"","rcce", IFERROR(_xlfn.XLOOKUP(CantoralDB[[#This Row],[Autor]],_xlfn.CHOOSECOLS(_xlfn.ANCHORARRAY(secciones!$A$3),1),_xlfn.CHOOSECOLS(_xlfn.ANCHORARRAY(secciones!$A$3),2)),"nuevas") )))))} -> ain_karem | S31: ="canciones/"&CantoralDB[[#This Row],[Carpeta]]&"/"&IF(CantoralDB[[#This Row],[Autor]]="Taizé en español", SUBSTITUTE(SUBSTITUTE(SUBSTITUTE(SUBSTITUTE(SUBSTITUTE(SUBSTITUTE(SUBSTITUTE(SUBSTITUTE(SUBSTITUTE(SUBSTITUTE(SUBSTITUTE(LOWER(CantoralDB[[#This Row],[Linked]]),"á","a"),"é","e"),"í","i"),"ó","o"),"ú","u")," ","_"),"¿",""),"?",""),"¡",""),"!",""),",","")&".html", SUBSTITUTE(SUBSTITUTE(SUBSTITUTE(SUBSTITUTE(SUBSTITUTE(SUBSTITUTE(SUBSTITUTE(SUBSTITUTE(SUBSTITUTE(SUBSTITUTE(SUBSTITUTE(LOWER(CantoralDB[[#This Row],[Título]]),"á","a"),"é","e"),"í","i"),"ó","o"),"ú","u")," ","_"),"¿",""),"?",""),"¡",""),"!",""),",","")&".html") -> canciones/ain_karem/tu_eres_mi_bien.html | V31: https://www.youtube.com/watch?v=7_OFDsvHNVE | W31: =IF(CantoralDB[[#This Row],[Linked]]="X","","<li"& IF(CantoralDB[[#This Row],[Autor]]="-",""," data-author="""&CantoralDB[[#This Row],[Autor]]&"""")& IF(ISBLANK(CantoralDB[[#This Row],[Momento]]),""," data-momento="""&CantoralDB[[#This Row],[Momento]]&"""")& IF(ISBLANK(CantoralDB[[#This Row],[Número]]),""," data-nnew="""&CantoralDB[[#This Row],[Número]]&"""")& IF(ISBLANK(CantoralDB[[#This Row],[Número antiguo]]),""," data-nold="""&CantoralDB[[#This Row],[Número antiguo]]&"""")& IF(ISBLANK(CantoralDB[[#This Row],[Número RCC]]),""," data-nrcc="""&CantoralDB[[#This Row],[Número RCC]]&"""")& "><a href="""&CantoralDB[[#This Row],[Ruta]]&""">"&CantoralDB[[#This Row],[Título]]&"</a></li>") -> <li data-author="Ain Karem"><a href="canciones/ain_karem/tu_eres_mi_bien.html">Tú eres mi bien</a></li> | X31: =_xlfn.TEXTBEFORE(_xlfn.TEXTAFTER(CantoralDB[[#This Row],[index.html]],">"),">")&">" -> <a href="canciones/ain_karem/tu_eres_mi_bien.html">
A32: =ROW(CantoralDB[[#This Row],[Título]])-1 -> 31 | B32: Desde abajo | H32: Sol | I32: cej1 | J32: OK | M32: Ain Karem | N32: Busca mi rostro | O32: 3 | P32: 2013 | Q32: {=IF(OR(CantoralDB[[#This Row],[Autor]]="Taizé en español",CantoralDB[[#This Row],[Autor]]="Taizé original",CantoralDB[[#This Row],[Autor]]="Taizé"),"taize", IFERROR(_xlfn.XLOOKUP(CantoralDB[[#This Row],[Autor]],_xlfn.CHOOSECOLS(_xlfn.ANCHORARRAY(secciones!$A$3),1),_xlfn.CHOOSECOLS(_xlfn.ANCHORARRAY(secciones!$A$3),2)), IF(OR(CantoralDB[[#This Row],[Número antiguo]]<>"",CantoralDB[[#This Row],[Número]]<>""),"nsb","nuevas" )))} -> ain_karem | R32: {=IF(CantoralDB[[#This Row],[Autor]]="Taizé original","taize_orig", IF(CantoralDB[[#This Row],[Autor]]="Taizé en español","taize_esp", IF(CantoralDB[[#This Row],[Autor]]="Villancicos","villancicos", IF(OR(CantoralDB[[#This Row],[Número antiguo]]<>"",CantoralDB[[#This Row],[Número]]<>""),"nsb", IF(CantoralDB[[#This Row],[Número RCC]]<>"","rcce", IFERROR(_xlfn.XLOOKUP(CantoralDB[[#This Row],[Autor]],_xlfn.CHOOSECOLS(_xlfn.ANCHORARRAY(secciones!$A$3),1),_xlfn.CHOOSECOLS(_xlfn.ANCHORARRAY(secciones!$A$3),2)),"nuevas") )))))} -> ain_karem | S32: ="canciones/"&CantoralDB[[#This Row],[Carpeta]]&"/"&IF(CantoralDB[[#This Row],[Autor]]="Taizé en español", SUBSTITUTE(SUBSTITUTE(SUBSTITUTE(SUBSTITUTE(SUBSTITUTE(SUBSTITUTE(SUBSTITUTE(SUBSTITUTE(SUBSTITUTE(SUBSTITUTE(SUBSTITUTE(LOWER(CantoralDB[[#This Row],[Linked]]),"á","a"),"é","e"),"í","i"),"ó","o"),"ú","u")," ","_"),"¿",""),"?",""),"¡",""),"!",""),",","")&".html", SUBSTITUTE(SUBSTITUTE(SUBSTITUTE(SUBSTITUTE(SUBSTITUTE(SUBSTITUTE(SUBSTITUTE(SUBSTITUTE(SUBSTITUTE(SUBSTITUTE(SUBSTITUTE(LOWER(CantoralDB[[#This Row],[Título]]),"á","a"),"é","e"),"í","i"),"ó","o"),"ú","u")," ","_"),"¿",""),"?",""),"¡",""),"!",""),",","")&".html") -> canciones/ain_karem/desde_abajo.html | V32: https://www.youtube.com/watch?v=hSQ17dDCQIw | W32: =IF(CantoralDB[[#This Row],[Linked]]="X","","<li"& IF(CantoralDB[[#This Row],[Autor]]="-",""," data-author="""&CantoralDB[[#This Row],[Autor]]&"""")& IF(ISBLANK(CantoralDB[[#This Row],[Momento]]),""," data-momento="""&CantoralDB[[#This Row],[Momento]]&"""")& IF(ISBLANK(CantoralDB[[#This Row],[Número]]),""," data-nnew="""&CantoralDB[[#This Row],[Número]]&"""")& IF(ISBLANK(CantoralDB[[#This Row],[Número antiguo]]),""," data-nold="""&CantoralDB[[#This Row],[Número antiguo]]&"""")& IF(ISBLANK(CantoralDB[[#This Row],[Número RCC]]),""," data-nrcc="""&CantoralDB[[#This Row],[Número RCC]]&"""")& "><a href="""&CantoralDB[[#This Row],[Ruta]]&""">"&CantoralDB[[#This Row],[Título]]&"</a></li>") -> <li data-author="Ain Karem"><a href="canciones/ain_karem/desde_abajo.html">Desde abajo</a></li> | X32: =_xlfn.TEXTBEFORE(_xlfn.TEXTAFTER(CantoralDB[[#This Row],[index.html]],">"),">")&">" -> <a href="canciones/ain_karem/desde_abajo.html">
A33: =ROW(CantoralDB[[#This Row],[Título]])-1 -> 32 | B33: Como la cierva | H33: Sol | I33: cej4 | J33: OK | M33: Ain Karem | N33: Busca mi rostro | O33: 4 | P33: 2013 | Q33: {=IF(OR(CantoralDB[[#This Row],[Autor]]="Taizé en español",CantoralDB[[#This Row],[Autor]]="Taizé original",CantoralDB[[#This Row],[Autor]]="Taizé"),"taize", IFERROR(_xlfn.XLOOKUP(CantoralDB[[#This Row],[Autor]],_xlfn.CHOOSECOLS(_xlfn.ANCHORARRAY(secciones!$A$3),1),_xlfn.CHOOSECOLS(_xlfn.ANCHORARRAY(secciones!$A$3),2)), IF(OR(CantoralDB[[#This Row],[Número antiguo]]<>"",CantoralDB[[#This Row],[Número]]<>""),"nsb","nuevas" )))} -> ain_karem | R33: {=IF(CantoralDB[[#This Row],[Autor]]="Taizé original","taize_orig", IF(CantoralDB[[#This Row],[Autor]]="Taizé en español","taize_esp", IF(CantoralDB[[#This Row],[Autor]]="Villancicos","villancicos", IF(OR(CantoralDB[[#This Row],[Número antiguo]]<>"",CantoralDB[[#This Row],[Número]]<>""),"nsb", IF(CantoralDB[[#This Row],[Número RCC]]<>"","rcce", IFERROR(_xlfn.XLOOKUP(CantoralDB[[#This Row],[Autor]],_xlfn.CHOOSECOLS(_xlfn.ANCHORARRAY(secciones!$A$3),1),_xlfn.CHOOSECOLS(_xlfn.ANCHORARRAY(secciones!$A$3),2)),"nuevas") )))))} -> ain_karem | S33: ="canciones/"&CantoralDB[[#This Row],[Carpeta]]&"/"&IF(CantoralDB[[#This Row],[Autor]]="Taizé en español", SUBSTITUTE(SUBSTITUTE(SUBSTITUTE(SUBSTITUTE(SUBSTITUTE(SUBSTITUTE(SUBSTITUTE(SUBSTITUTE(SUBSTITUTE(SUBSTITUTE(SUBSTITUTE(LOWER(CantoralDB[[#This Row],[Linked]]),"á","a"),"é","e"),"í","i"),"ó","o"),"ú","u")," ","_"),"¿",""),"?",""),"¡",""),"!",""),",","")&".html", SUBSTITUTE(SUBSTITUTE(SUBSTITUTE(SUBSTITUTE(SUBSTITUTE(SUBSTITUTE(SUBSTITUTE(SUBSTITUTE(SUBSTITUTE(SUBSTITUTE(SUBSTITUTE(LOWER(CantoralDB[[#This Row],[Título]]),"á","a"),"é","e"),"í","i"),"ó","o"),"ú","u")," ","_"),"¿",""),"?",""),"¡",""),"!",""),",","")&".html") -> canciones/ain_karem/como_la_cierva.html | V33: https://www.youtube.com/watch?v=v9YZeJ4Defo | W33: =IF(CantoralDB[[#This Row],[Linked]]="X","","<li"& IF(CantoralDB[[#This Row],[Autor]]="-",""," data-author="""&CantoralDB[[#This Row],[Autor]]&"""")& IF(ISBLANK(CantoralDB[[#This Row],[Momento]]),""," data-momento="""&CantoralDB[[#This Row],[Momento]]&"""")& IF(ISBLANK(CantoralDB[[#This Row],[Número]]),""," data-nnew="""&CantoralDB[[#This Row],[Número]]&"""")& IF(ISBLANK(CantoralDB[[#This Row],[Número antiguo]]),""," data-nold="""&CantoralDB[[#This Row],[Número antiguo]]&"""")& IF(ISBLANK(CantoralDB[[#This Row],[Número RCC]]),""," data-nrcc="""&CantoralDB[[#This Row],[Número RCC]]&"""")& "><a href="""&CantoralDB[[#This Row],[Ruta]]&""">"&CantoralDB[[#This Row],[Título]]&"</a></li>") -> <li data-author="Ain Karem"><a href="canciones/ain_karem/como_la_cierva.html">Como la cierva</a></li> | X33: =_xlfn.TEXTBEFORE(_xlfn.TEXTAFTER(CantoralDB[[#This Row],[index.html]],">"),">")&">" -> <a href="canciones/ain_karem/como_la_cierva.html">
A34: =ROW(CantoralDB[[#This Row],[Título]])-1 -> 33 | B34: Sólo Tú | H34: Do | I34: cej5 | J34: OK | M34: Ain Karem | N34: Busca mi rostro | O34: 5 | P34: 2013 | Q34: {=IF(OR(CantoralDB[[#This Row],[Autor]]="Taizé en español",CantoralDB[[#This Row],[Autor]]="Taizé original",CantoralDB[[#This Row],[Autor]]="Taizé"),"taize", IFERROR(_xlfn.XLOOKUP(CantoralDB[[#This Row],[Autor]],_xlfn.CHOOSECOLS(_xlfn.ANCHORARRAY(secciones!$A$3),1),_xlfn.CHOOSECOLS(_xlfn.ANCHORARRAY(secciones!$A$3),2)), IF(OR(CantoralDB[[#This Row],[Número antiguo]]<>"",CantoralDB[[#This Row],[Número]]<>""),"nsb","nuevas" )))} -> ain_karem | R34: {=IF(CantoralDB[[#This Row],[Autor]]="Taizé original","taize_orig", IF(CantoralDB[[#This Row],[Autor]]="Taizé en español","taize_esp", IF(CantoralDB[[#This Row],[Autor]]="Villancicos","villancicos", IF(OR(CantoralDB[[#This Row],[Número antiguo]]<>"",CantoralDB[[#This Row],[Número]]<>""),"nsb", IF(CantoralDB[[#This Row],[Número RCC]]<>"","rcce", IFERROR(_xlfn.XLOOKUP(CantoralDB[[#This Row],[Autor]],_xlfn.CHOOSECOLS(_xlfn.ANCHORARRAY(secciones!$A$3),1),_xlfn.CHOOSECOLS(_xlfn.ANCHORARRAY(secciones!$A$3),2)),"nuevas") )))))} -> ain_karem | S34: ="canciones/"&CantoralDB[[#This Row],[Carpeta]]&"/"&IF(CantoralDB[[#This Row],[Autor]]="Taizé en español", SUBSTITUTE(SUBSTITUTE(SUBSTITUTE(SUBSTITUTE(SUBSTITUTE(SUBSTITUTE(SUBSTITUTE(SUBSTITUTE(SUBSTITUTE(SUBSTITUTE(SUBSTITUTE(LOWER(CantoralDB[[#This Row],[Linked]]),"á","a"),"é","e"),"í","i"),"ó","o"),"ú","u")," ","_"),"¿",""),"?",""),"¡",""),"!",""),",","")&".html", SUBSTITUTE(SUBSTITUTE(SUBSTITUTE(SUBSTITUTE(SUBSTITUTE(SUBSTITUTE(SUBSTITUTE(SUBSTITUTE(SUBSTITUTE(SUBSTITUTE(SUBSTITUTE(LOWER(CantoralDB[[#This Row],[Título]]),"á","a"),"é","e"),"í","i"),"ó","o"),"ú","u")," ","_"),"¿",""),"?",""),"¡",""),"!",""),",","")&".html") -> canciones/ain_karem/solo_tu.html | V34: https://www.youtube.com/watch?v=K0s1qQbn-vA | W34: =IF(CantoralDB[[#This Row],[Linked]]="X","","<li"& IF(CantoralDB[[#This Row],[Autor]]="-",""," data-author="""&CantoralDB[[#This Row],[Autor]]&"""")& IF(ISBLANK(CantoralDB[[#This Row],[Momento]]),""," data-momento="""&CantoralDB[[#This Row],[Momento]]&"""")& IF(ISBLANK(CantoralDB[[#This Row],[Número]]),""," data-nnew="""&CantoralDB[[#This Row],[Número]]&"""")& IF(ISBLANK(CantoralDB[[#This Row],[Número antiguo]]),""," data-nold="""&CantoralDB[[#This Row],[Número antiguo]]&"""")& IF(ISBLANK(CantoralDB[[#This Row],[Número RCC]]),""," data-nrcc="""&CantoralDB[[#This Row],[Número RCC]]&"""")& "><a href="""&CantoralDB[[#This Row],[Ruta]]&""">"&CantoralDB[[#This Row],[Título]]&"</a></li>") -> <li data-author="Ain Karem"><a href="canciones/ain_karem/solo_tu.html">Sólo Tú</a></li> | X34: =_xlfn.TEXTBEFORE(_xlfn.TEXTAFTER(CantoralDB[[#This Row],[index.html]],">"),">")&">" -> <a href="canciones/ain_karem/solo_tu.html">
A35: =ROW(CantoralDB[[#This Row],[Título]])-1 -> 34 | B35: Sed felices | H35: Re | J35: OK | M35: Ain Karem | N35: Busca mi rostro | O35: 6 | P35: 2013 | Q35: {=IF(OR(CantoralDB[[#This Row],[Autor]]="Taizé en español",CantoralDB[[#This Row],[Autor]]="Taizé original",CantoralDB[[#This Row],[Autor]]="Taizé"),"taize", IFERROR(_xlfn.XLOOKUP(CantoralDB[[#This Row],[Autor]],_xlfn.CHOOSECOLS(_xlfn.ANCHORARRAY(secciones!$A$3),1),_xlfn.CHOOSECOLS(_xlfn.ANCHORARRAY(secciones!$A$3),2)), IF(OR(CantoralDB[[#This Row],[Número antiguo]]<>"",CantoralDB[[#This Row],[Número]]<>""),"nsb","nuevas" )))} -> ain_karem | R35: {=IF(CantoralDB[[#This Row],[Autor]]="Taizé original","taize_orig", IF(CantoralDB[[#This Row],[Autor]]="Taizé en español","taize_esp", IF(CantoralDB[[#This Row],[Autor]]="Villancicos","villancicos", IF(OR(CantoralDB[[#This Row],[Número antiguo]]<>"",CantoralDB[[#This Row],[Número]]<>""),"nsb", IF(CantoralDB[[#This Row],[Número RCC]]<>"","rcce", IFERROR(_xlfn.XLOOKUP(CantoralDB[[#This Row],[Autor]],_xlfn.CHOOSECOLS(_xlfn.ANCHORARRAY(secciones!$A$3),1),_xlfn.CHOOSECOLS(_xlfn.ANCHORARRAY(secciones!$A$3),2)),"nuevas") )))))} -> ain_karem | S35: ="canciones/"&CantoralDB[[#This Row],[Carpeta]]&"/"&IF(CantoralDB[[#This Row],[Autor]]="Taizé en español", SUBSTITUTE(SUBSTITUTE(SUBSTITUTE(SUBSTITUTE(SUBSTITUTE(SUBSTITUTE(SUBSTITUTE(SUBSTITUTE(SUBSTITUTE(SUBSTITUTE(SUBSTITUTE(LOWER(CantoralDB[[#This Row],[Linked]]),"á","a"),"é","e"),"í","i"),"ó","o"),"ú","u")," ","_"),"¿",""),"?",""),"¡",""),"!",""),",","")&".html", SUBSTITUTE(SUBSTITUTE(SUBSTITUTE(SUBSTITUTE(SUBSTITUTE(SUBSTITUTE(SUBSTITUTE(SUBSTITUTE(SUBSTITUTE(SUBSTITUTE(SUBSTITUTE(LOWER(CantoralDB[[#This Row],[Título]]),"á","a"),"é","e"),"í","i"),"ó","o"),"ú","u")," ","_"),"¿",""),"?",""),"¡",""),"!",""),",","")&".html") -> canciones/ain_karem/sed_felices.html | V35: https://www.youtube.com/watch?v=-2WX_yU1n8c | W35: =IF(CantoralDB[[#This Row],[Linked]]="X","","<li"& IF(CantoralDB[[#This Row],[Autor]]="-",""," data-author="""&CantoralDB[[#This Row],[Autor]]&"""")& IF(ISBLANK(CantoralDB[[#This Row],[Momento]]),""," data-momento="""&CantoralDB[[#This Row],[Momento]]&"""")& IF(ISBLANK(CantoralDB[[#This Row],[Número]]),""," data-nnew="""&CantoralDB[[#This Row],[Número]]&"""")& IF(ISBLANK(CantoralDB[[#This Row],[Número antiguo]]),""," data-nold="""&CantoralDB[[#This Row],[Número antiguo]]&"""")& IF(ISBLANK(CantoralDB[[#This Row],[Número RCC]]),""," data-nrcc="""&CantoralDB[[#This Row],[Número RCC]]&"""")& "><a href="""&CantoralDB[[#This Row],[Ruta]]&""">"&CantoralDB[[#This Row],[Título]]&"</a></li>") -> <li data-author="Ain Karem"><a href="canciones/ain_karem/sed_felices.html">Sed felices</a></li> | X35: =_xlfn.TEXTBEFORE(_xlfn.TEXTAFTER(CantoralDB[[#This Row],[index.html]],">"),">")&">" -> <a href="canciones/ain_karem/sed_felices.html">
A36: =ROW(CantoralDB[[#This Row],[Título]])-1 -> 35 | B36: Ten piedad | H36: Sol | I36: cej4 | J36: OK | M36: Ain Karem | N36: Busca mi rostro | O36: 7 | P36: 2013 | Q36: {=IF(OR(CantoralDB[[#This Row],[Autor]]="Taizé en español",CantoralDB[[#This Row],[Autor]]="Taizé original",CantoralDB[[#This Row],[Autor]]="Taizé"),"taize", IFERROR(_xlfn.XLOOKUP(CantoralDB[[#This Row],[Autor]],_xlfn.CHOOSECOLS(_xlfn.ANCHORARRAY(secciones!$A$3),1),_xlfn.CHOOSECOLS(_xlfn.ANCHORARRAY(secciones!$A$3),2)), IF(OR(CantoralDB[[#This Row],[Número antiguo]]<>"",CantoralDB[[#This Row],[Número]]<>""),"nsb","nuevas" )))} -> ain_karem | R36: {=IF(CantoralDB[[#This Row],[Autor]]="Taizé original","taize_orig", IF(CantoralDB[[#This Row],[Autor]]="Taizé en español","taize_esp", IF(CantoralDB[[#This Row],[Autor]]="Villancicos","villancicos", IF(OR(CantoralDB[[#This Row],[Número antiguo]]<>"",CantoralDB[[#This Row],[Número]]<>""),"nsb", IF(CantoralDB[[#This Row],[Número RCC]]<>"","rcce", IFERROR(_xlfn.XLOOKUP(CantoralDB[[#This Row],[Autor]],_xlfn.CHOOSECOLS(_xlfn.ANCHORARRAY(secciones!$A$3),1),_xlfn.CHOOSECOLS(_xlfn.ANCHORARRAY(secciones!$A$3),2)),"nuevas") )))))} -> ain_karem | S36: ="canciones/"&CantoralDB[[#This Row],[Carpeta]]&"/"&IF(CantoralDB[[#This Row],[Autor]]="Taizé en español", SUBSTITUTE(SUBSTITUTE(SUBSTITUTE(SUBSTITUTE(SUBSTITUTE(SUBSTITUTE(SUBSTITUTE(SUBSTITUTE(SUBSTITUTE(SUBSTITUTE(SUBSTITUTE(LOWER(CantoralDB[[#This Row],[Linked]]),"á","a"),"é","e"),"í","i"),"ó","o"),"ú","u")," ","_"),"¿",""),"?",""),"¡",""),"!",""),",","")&".html", SUBSTITUTE(SUBSTITUTE(SUBSTITUTE(SUBSTITUTE(SUBSTITUTE(SUBSTITUTE(SUBSTITUTE(SUBSTITUTE(SUBSTITUTE(SUBSTITUTE(SUBSTITUTE(LOWER(CantoralDB[[#This Row],[Título]]),"á","a"),"é","e"),"í","i"),"ó","o"),"ú","u")," ","_"),"¿",""),"?",""),"¡",""),"!",""),",","")&".html") -> canciones/ain_karem/ten_piedad.html | V36: https://www.youtube.com/watch?v=BcAfMxMzCQg | W36: =IF(CantoralDB[[#This Row],[Linked]]="X","","<li"& IF(CantoralDB[[#This Row],[Autor]]="-",""," data-author="""&CantoralDB[[#This Row],[Autor]]&"""")& IF(ISBLANK(CantoralDB[[#This Row],[Momento]]),""," data-momento="""&CantoralDB[[#This Row],[Momento]]&"""")& IF(ISBLANK(CantoralDB[[#This Row],[Número]]),""," data-nnew="""&CantoralDB[[#This Row],[Número]]&"""")& IF(ISBLANK(CantoralDB[[#This Row],[Número antiguo]]),""," data-nold="""&CantoralDB[[#This Row],[Número antiguo]]&"""")& IF(ISBLANK(CantoralDB[[#This Row],[Número RCC]]),""," data-nrcc="""&CantoralDB[[#This Row],[Número RCC]]&"""")& "><a href="""&CantoralDB[[#This Row],[Ruta]]&""">"&CantoralDB[[#This Row],[Título]]&"</a></li>") -> <li data-author="Ain Karem"><a href="canciones/ain_karem/ten_piedad.html">Ten piedad</a></li> | X36: =_xlfn.TEXTBEFORE(_xlfn.TEXTAFTER(CantoralDB[[#This Row],[index.html]],">"),">")&">" -> <a href="canciones/ain_karem/ten_piedad.html">
A37: =ROW(CantoralDB[[#This Row],[Título]])-1 -> 36 | B37: Busca mi rostro | H37: Sol | J37: OK | M37: Ain Karem | N37: Busca mi rostro | O37: 8 | P37: 2013 | Q37: {=IF(OR(CantoralDB[[#This Row],[Autor]]="Taizé en español",CantoralDB[[#This Row],[Autor]]="Taizé original",CantoralDB[[#This Row],[Autor]]="Taizé"),"taize", IFERROR(_xlfn.XLOOKUP(CantoralDB[[#This Row],[Autor]],_xlfn.CHOOSECOLS(_xlfn.ANCHORARRAY(secciones!$A$3),1),_xlfn.CHOOSECOLS(_xlfn.ANCHORARRAY(secciones!$A$3),2)), IF(OR(CantoralDB[[#This Row],[Número antiguo]]<>"",CantoralDB[[#This Row],[Número]]<>""),"nsb","nuevas" )))} -> ain_karem | R37: {=IF(CantoralDB[[#This Row],[Autor]]="Taizé original","taize_orig", IF(CantoralDB[[#This Row],[Autor]]="Taizé en español","taize_esp", IF(CantoralDB[[#This Row],[Autor]]="Villancicos","villancicos", IF(OR(CantoralDB[[#This Row],[Número antiguo]]<>"",CantoralDB[[#This Row],[Número]]<>""),"nsb", IF(CantoralDB[[#This Row],[Número RCC]]<>"","rcce", IFERROR(_xlfn.XLOOKUP(CantoralDB[[#This Row],[Autor]],_xlfn.CHOOSECOLS(_xlfn.ANCHORARRAY(secciones!$A$3),1),_xlfn.CHOOSECOLS(_xlfn.ANCHORARRAY(secciones!$A$3),2)),"nuevas") )))))} -> ain_karem | S37: ="canciones/"&CantoralDB[[#This Row],[Carpeta]]&"/"&IF(CantoralDB[[#This Row],[Autor]]="Taizé en español", SUBSTITUTE(SUBSTITUTE(SUBSTITUTE(SUBSTITUTE(SUBSTITUTE(SUBSTITUTE(SUBSTITUTE(SUBSTITUTE(SUBSTITUTE(SUBSTITUTE(SUBSTITUTE(LOWER(CantoralDB[[#This Row],[Linked]]),"á","a"),"é","e"),"í","i"),"ó","o"),"ú","u")," ","_"),"¿",""),"?",""),"¡",""),"!",""),",","")&".html", SUBSTITUTE(SUBSTITUTE(SUBSTITUTE(SUBSTITUTE(SUBSTITUTE(SUBSTITUTE(SUBSTITUTE(SUBSTITUTE(SUBSTITUTE(SUBSTITUTE(SUBSTITUTE(LOWER(CantoralDB[[#This Row],[Título]]),"á","a"),"é","e"),"í","i"),"ó","o"),"ú","u")," ","_"),"¿",""),"?",""),"¡",""),"!",""),",","")&".html") -> canciones/ain_karem/busca_mi_rostro.html | V37: https://www.youtube.com/watch?v=cPv999ecqJg | W37: =IF(CantoralDB[[#This Row],[Linked]]="X","","<li"& IF(CantoralDB[[#This Row],[Autor]]="-",""," data-author="""&CantoralDB[[#This Row],[Autor]]&"""")& IF(ISBLANK(CantoralDB[[#This Row],[Momento]]),""," data-momento="""&CantoralDB[[#This Row],[Momento]]&"""")& IF(ISBLANK(CantoralDB[[#This Row],[Número]]),""," data-nnew="""&CantoralDB[[#This Row],[Número]]&"""")& IF(ISBLANK(CantoralDB[[#This Row],[Número antiguo]]),""," data-nold="""&CantoralDB[[#This Row],[Número antiguo]]&"""")& IF(ISBLANK(CantoralDB[[#This Row],[Número RCC]]),""," data-nrcc="""&CantoralDB[[#This Row],[Número RCC]]&"""")& "><a href="""&CantoralDB[[#This Row],[Ruta]]&""">"&CantoralDB[[#This Row],[Título]]&"</a></li>") -> <li data-author="Ain Karem"><a href="canciones/ain_karem/busca_mi_rostro.html">Busca mi rostro</a></li> | X37: =_xlfn.TEXTBEFORE(_xlfn.TEXTAFTER(CantoralDB[[#This Row],[index.html]],">"),">")&">" -> <a href="canciones/ain_karem/busca_mi_rostro.html">
A38: =ROW(CantoralDB[[#This Row],[Título]])-1 -> 37 | B38: Señor de la sabiduría | H38: La | J38: OK | M38: Ain Karem | N38: Busca mi rostro | O38: 9 | P38: 2013 | Q38: {=IF(OR(CantoralDB[[#This Row],[Autor]]="Taizé en español",CantoralDB[[#This Row],[Autor]]="Taizé original",CantoralDB[[#This Row],[Autor]]="Taizé"),"taize", IFERROR(_xlfn.XLOOKUP(CantoralDB[[#This Row],[Autor]],_xlfn.CHOOSECOLS(_xlfn.ANCHORARRAY(secciones!$A$3),1),_xlfn.CHOOSECOLS(_xlfn.ANCHORARRAY(secciones!$A$3),2)), IF(OR(CantoralDB[[#This Row],[Número antiguo]]<>"",CantoralDB[[#This Row],[Número]]<>""),"nsb","nuevas" )))} -> ain_karem | R38: {=IF(CantoralDB[[#This Row],[Autor]]="Taizé original","taize_orig", IF(CantoralDB[[#This Row],[Autor]]="Taizé en español","taize_esp", IF(CantoralDB[[#This Row],[Autor]]="Villancicos","villancicos", IF(OR(CantoralDB[[#This Row],[Número antiguo]]<>"",CantoralDB[[#This Row],[Número]]<>""),"nsb", IF(CantoralDB[[#This Row],[Número RCC]]<>"","rcce", IFERROR(_xlfn.XLOOKUP(CantoralDB[[#This Row],[Autor]],_xlfn.CHOOSECOLS(_xlfn.ANCHORARRAY(secciones!$A$3),1),_xlfn.CHOOSECOLS(_xlfn.ANCHORARRAY(secciones!$A$3),2)),"nuevas") )))))} -> ain_karem | S38: ="canciones/"&CantoralDB[[#This Row],[Carpeta]]&"/"&IF(CantoralDB[[#This Row],[Autor]]="Taizé en español", SUBSTITUTE(SUBSTITUTE(SUBSTITUTE(SUBSTITUTE(SUBSTITUTE(SUBSTITUTE(SUBSTITUTE(SUBSTITUTE(SUBSTITUTE(SUBSTITUTE(SUBSTITUTE(LOWER(CantoralDB[[#This Row],[Linked]]),"á","a"),"é","e"),"í","i"),"ó","o"),"ú","u")," ","_"),"¿",""),"?",""),"¡",""),"!",""),",","")&".html", SUBSTITUTE(SUBSTITUTE(SUBSTITUTE(SUBSTITUTE(SUBSTITUTE(SUBSTITUTE(SUBSTITUTE(SUBSTITUTE(SUBSTITUTE(SUBSTITUTE(SUBSTITUTE(LOWER(CantoralDB[[#This Row],[Título]]),"á","a"),"é","e"),"í","i"),"ó","o"),"ú","u")," ","_"),"¿",""),"?",""),"¡",""),"!",""),",","")&".html") -> canciones/ain_karem/señor_de_la_sabiduria.html | V38: https://www.youtube.com/watch?v=OL3mwDeezXg | W38: =IF(CantoralDB[[#This Row],[Linked]]="X","","<li"& IF(CantoralDB[[#This Row],[Autor]]="-",""," data-author="""&CantoralDB[[#This Row],[Autor]]&"""")& IF(ISBLANK(CantoralDB[[#This Row],[Momento]]),""," data-momento="""&CantoralDB[[#This Row],[Momento]]&"""")& IF(ISBLANK(CantoralDB[[#This Row],[Número]]),""," data-nnew="""&CantoralDB[[#This Row],[Número]]&"""")& IF(ISBLANK(CantoralDB[[#This Row],[Número antiguo]]),""," data-nold="""&CantoralDB[[#This Row],[Número antiguo]]&"""")& IF(ISBLANK(CantoralDB[[#This Row],[Número RCC]]),""," data-nrcc="""&CantoralDB[[#This Row],[Número RCC]]&"""")& "><a href="""&CantoralDB[[#This Row],[Ruta]]&""">"&CantoralDB[[#This Row],[Título]]&"</a></li>") -> <li data-author="Ain Karem"><a href="canciones/ain_karem/señor_de_la_sabiduria.html">Señor de la sabiduría</a></li> | X38: =_xlfn.TEXTBEFORE(_xlfn.TEXTAFTER(CantoralDB[[#This Row],[index.html]],">"),">")&">" -> <a href="canciones/ain_karem/señor_de_la_sabiduria.html">
A39: =ROW(CantoralDB[[#This Row],[Título]])-1 -> 38 | B39: Descansa en ti su mirada | H39: Mi | I39: cej3 | J39: OK | M39: Ain Karem | N39: Busca mi rostro | O39: 10 | P39: 2013 | Q39: {=IF(OR(CantoralDB[[#This Row],[Autor]]="Taizé en español",CantoralDB[[#This Row],[Autor]]="Taizé original",CantoralDB[[#This Row],[Autor]]="Taizé"),"taize", IFERROR(_xlfn.XLOOKUP(CantoralDB[[#This Row],[Autor]],_xlfn.CHOOSECOLS(_xlfn.ANCHORARRAY(secciones!$A$3),1),_xlfn.CHOOSECOLS(_xlfn.ANCHORARRAY(secciones!$A$3),2)), IF(OR(CantoralDB[[#This Row],[Número antiguo]]<>"",CantoralDB[[#This Row],[Número]]<>""),"nsb","nuevas" )))} -> ain_karem | R39: {=IF(CantoralDB[[#This Row],[Autor]]="Taizé original","taize_orig", IF(CantoralDB[[#This Row],[Autor]]="Taizé en español","taize_esp", IF(CantoralDB[[#This Row],[Autor]]="Villancicos","villancicos", IF(OR(CantoralDB[[#This Row],[Número antiguo]]<>"",CantoralDB[[#This Row],[Número]]<>""),"nsb", IF(CantoralDB[[#This Row],[Número RCC]]<>"","rcce", IFERROR(_xlfn.XLOOKUP(CantoralDB[[#This Row],[Autor]],_xlfn.CHOOSECOLS(_xlfn.ANCHORARRAY(secciones!$A$3),1),_xlfn.CHOOSECOLS(_xlfn.ANCHORARRAY(secciones!$A$3),2)),"nuevas") )))))} -> ain_karem | S39: ="canciones/"&CantoralDB[[#This Row],[Carpeta]]&"/"&IF(CantoralDB[[#This Row],[Autor]]="Taizé en español", SUBSTITUTE(SUBSTITUTE(SUBSTITUTE(SUBSTITUTE(SUBSTITUTE(SUBSTITUTE(SUBSTITUTE(SUBSTITUTE(SUBSTITUTE(SUBSTITUTE(SUBSTITUTE(LOWER(CantoralDB[[#This Row],[Linked]]),"á","a"),"é","e"),"í","i"),"ó","o"),"ú","u")," ","_"),"¿",""),"?",""),"¡",""),"!",""),",","")&".html", SUBSTITUTE(SUBSTITUTE(SUBSTITUTE(SUBSTITUTE(SUBSTITUTE(SUBSTITUTE(SUBSTITUTE(SUBSTITUTE(SUBSTITUTE(SUBSTITUTE(SUBSTITUTE(LOWER(CantoralDB[[#This Row],[Título]]),"á","a"),"é","e"),"í","i"),"ó","o"),"ú","u")," ","_"),"¿",""),"?",""),"¡",""),"!",""),",","")&".html") -> canciones/ain_karem/descansa_en_ti_su_mirada.html | V39: https://www.youtube.com/watch?v=PIDKlltZwHs | W39: =IF(CantoralDB[[#This Row],[Linked]]="X","","<li"& IF(CantoralDB[[#This Row],[Autor]]="-",""," data-author="""&CantoralDB[[#This Row],[Autor]]&"""")& IF(ISBLANK(CantoralDB[[#This Row],[Momento]]),""," data-momento="""&CantoralDB[[#This Row],[Momento]]&"""")& IF(ISBLANK(CantoralDB[[#This Row],[Número]]),""," data-nnew="""&CantoralDB[[#This Row],[Número]]&"""")& IF(ISBLANK(CantoralDB[[#This Row],[Número antiguo]]),""," data-nold="""&CantoralDB[[#This Row],[Número antiguo]]&"""")& IF(ISBLANK(CantoralDB[[#This Row],[Número RCC]]),""," data-nrcc="""&CantoralDB[[#This Row],[Número RCC]]&"""")& "><a href="""&CantoralDB[[#This Row],[Ruta]]&""">"&CantoralDB[[#This Row],[Título]]&"</a></li>") -> <li data-author="Ain Karem"><a href="canciones/ain_karem/descansa_en_ti_su_mirada.html">Descansa en ti su mirada</a></li> | X39: =_xlfn.TEXTBEFORE(_xlfn.TEXTAFTER(CantoralDB[[#This Row],[index.html]],">"),">")&">" -> <a href="canciones/ain_karem/descansa_en_ti_su_mirada.html">
A40: =ROW(CantoralDB[[#This Row],[Título]])-1 -> 39 | B40: El amor | H40: Sol | J40: OK | M40: Ain Karem | N40: Busca mi rostro | O40: 11 | P40: 2013 | Q40: {=IF(OR(CantoralDB[[#This Row],[Autor]]="Taizé en español",CantoralDB[[#This Row],[Autor]]="Taizé original",CantoralDB[[#This Row],[Autor]]="Taizé"),"taize", IFERROR(_xlfn.XLOOKUP(CantoralDB[[#This Row],[Autor]],_xlfn.CHOOSECOLS(_xlfn.ANCHORARRAY(secciones!$A$3),1),_xlfn.CHOOSECOLS(_xlfn.ANCHORARRAY(secciones!$A$3),2)), IF(OR(CantoralDB[[#This Row],[Número antiguo]]<>"",CantoralDB[[#This Row],[Número]]<>""),"nsb","nuevas" )))} -> ain_karem | R40: {=IF(CantoralDB[[#This Row],[Autor]]="Taizé original","taize_orig", IF(CantoralDB[[#This Row],[Autor]]="Taizé en español","taize_esp", IF(CantoralDB[[#This Row],[Autor]]="Villancicos","villancicos", IF(OR(CantoralDB[[#This Row],[Número antiguo]]<>"",CantoralDB[[#This Row],[Número]]<>""),"nsb", IF(CantoralDB[[#This Row],[Número RCC]]<>"","rcce", IFERROR(_xlfn.XLOOKUP(CantoralDB[[#This Row],[Autor]],_xlfn.CHOOSECOLS(_xlfn.ANCHORARRAY(secciones!$A$3),1),_xlfn.CHOOSECOLS(_xlfn.ANCHORARRAY(secciones!$A$3),2)),"nuevas") )))))} -> ain_karem | S40: ="canciones/"&CantoralDB[[#This Row],[Carpeta]]&"/"&IF(CantoralDB[[#This Row],[Autor]]="Taizé en español", SUBSTITUTE(SUBSTITUTE(SUBSTITUTE(SUBSTITUTE(SUBSTITUTE(SUBSTITUTE(SUBSTITUTE(SUBSTITUTE(SUBSTITUTE(SUBSTITUTE(SUBSTITUTE(LOWER(CantoralDB[[#This Row],[Linked]]),"á","a"),"é","e"),"í","i"),"ó","o"),"ú","u")," ","_"),"¿",""),"?",""),"¡",""),"!",""),",","")&".html", SUBSTITUTE(SUBSTITUTE(SUBSTITUTE(SUBSTITUTE(SUBSTITUTE(SUBSTITUTE(SUBSTITUTE(SUBSTITUTE(SUBSTITUTE(SUBSTITUTE(SUBSTITUTE(LOWER(CantoralDB[[#This Row],[Título]]),"á","a"),"é","e"),"í","i"),"ó","o"),"ú","u")," ","_"),"¿",""),"?",""),"¡",""),"!",""),",","")&".html") -> canciones/ain_karem/el_amor.html | V40: https://www.youtube.com/watch?v=Lj1cU_i2o8s | W40: =IF(CantoralDB[[#This Row],[Linked]]="X","","<li"& IF(CantoralDB[[#This Row],[Autor]]="-",""," data-author="""&CantoralDB[[#This Row],[Autor]]&"""")& IF(ISBLANK(CantoralDB[[#This Row],[Momento]]),""," data-momento="""&CantoralDB[[#This Row],[Momento]]&"""")& IF(ISBLANK(CantoralDB[[#This Row],[Número]]),""," data-nnew="""&CantoralDB[[#This Row],[Número]]&"""")& IF(ISBLANK(CantoralDB[[#This Row],[Número antiguo]]),""," data-nold="""&CantoralDB[[#This Row],[Número antiguo]]&"""")& IF(ISBLANK(CantoralDB[[#This Row],[Número RCC]]),""," data-nrcc="""&CantoralDB[[#This Row],[Número RCC]]&"""")& "><a href="""&CantoralDB[[#This Row],[Ruta]]&""">"&CantoralDB[[#This Row],[Título]]&"</a></li>") -> <li data-author="Ain Karem"><a href="canciones/ain_karem/el_amor.html">El amor</a></li> | X40: =_xlfn.TEXTBEFORE(_xlfn.TEXTAFTER(CantoralDB[[#This Row],[index.html]],">"),">")&">" -> <a href="canciones/ain_karem/el_amor.html">
A41: =ROW(CantoralDB[[#This Row],[Título]])-1 -> 40 | B41: María de Nazaret | H41: Sol | I41: cej3 | J41: OK | M41: Ain Karem | N41: Busca mi rostro | O41: 12 | P41: 2013 | Q41: {=IF(OR(CantoralDB[[#This Row],[Autor]]="Taizé en español",CantoralDB[[#This Row],[Autor]]="Taizé original",CantoralDB[[#This Row],[Autor]]="Taizé"),"taize", IFERROR(_xlfn.XLOOKUP(CantoralDB[[#This Row],[Autor]],_xlfn.CHOOSECOLS(_xlfn.ANCHORARRAY(secciones!$A$3),1),_xlfn.CHOOSECOLS(_xlfn.ANCHORARRAY(secciones!$A$3),2)), IF(OR(CantoralDB[[#This Row],[Número antiguo]]<>"",CantoralDB[[#This Row],[Número]]<>""),"nsb","nuevas" )))} -> ain_karem | R41: {=IF(CantoralDB[[#This Row],[Autor]]="Taizé original","taize_orig", IF(CantoralDB[[#This Row],[Autor]]="Taizé en español","taize_esp", IF(CantoralDB[[#This Row],[Autor]]="Villancicos","villancicos", IF(OR(CantoralDB[[#This Row],[Número antiguo]]<>"",CantoralDB[[#This Row],[Número]]<>""),"nsb", IF(CantoralDB[[#This Row],[Número RCC]]<>"","rcce", IFERROR(_xlfn.XLOOKUP(CantoralDB[[#This Row],[Autor]],_xlfn.CHOOSECOLS(_xlfn.ANCHORARRAY(secciones!$A$3),1),_xlfn.CHOOSECOLS(_xlfn.ANCHORARRAY(secciones!$A$3),2)),"nuevas") )))))} -> ain_karem | S41: ="canciones/"&CantoralDB[[#This Row],[Carpeta]]&"/"&IF(CantoralDB[[#This Row],[Autor]]="Taizé en español", SUBSTITUTE(SUBSTITUTE(SUBSTITUTE(SUBSTITUTE(SUBSTITUTE(SUBSTITUTE(SUBSTITUTE(SUBSTITUTE(SUBSTITUTE(SUBSTITUTE(SUBSTITUTE(LOWER(CantoralDB[[#This Row],[Linked]]),"á","a"),"é","e"),"í","i"),"ó","o"),"ú","u")," ","_"),"¿",""),"?",""),"¡",""),"!",""),",","")&".html", SUBSTITUTE(SUBSTITUTE(SUBSTITUTE(SUBSTITUTE(SUBSTITUTE(SUBSTITUTE(SUBSTITUTE(SUBSTITUTE(SUBSTITUTE(SUBSTITUTE(SUBSTITUTE(LOWER(CantoralDB[[#This Row],[Título]]),"á","a"),"é","e"),"í","i"),"ó","o"),"ú","u")," ","_"),"¿",""),"?",""),"¡",""),"!",""),",","")&".html") -> canciones/ain_karem/maria_de_nazaret.html | V41: https://www.youtube.com/watch?v=7jrPsZ2oZ8A | W41: =IF(CantoralDB[[#This Row],[Linked]]="X","","<li"& IF(CantoralDB[[#This Row],[Autor]]="-",""," data-author="""&CantoralDB[[#This Row],[Autor]]&"""")& IF(ISBLANK(CantoralDB[[#This Row],[Momento]]),""," data-momento="""&CantoralDB[[#This Row],[Momento]]&"""")& IF(ISBLANK(CantoralDB[[#This Row],[Número]]),""," data-nnew="""&CantoralDB[[#This Row],[Número]]&"""")& IF(ISBLANK(CantoralDB[[#This Row],[Número antiguo]]),""," data-nold="""&CantoralDB[[#This Row],[Número antiguo]]&"""")& IF(ISBLANK(CantoralDB[[#This Row],[Número RCC]]),""," data-nrcc="""&CantoralDB[[#This Row],[Número RCC]]&"""")& "><a href="""&CantoralDB[[#This Row],[Ruta]]&""">"&CantoralDB[[#This Row],[Título]]&"</a></li>") -> <li data-author="Ain Karem"><a href="canciones/ain_karem/maria_de_nazaret.html">María de Nazaret</a></li> | X41: =_xlfn.TEXTBEFORE(_xlfn.TEXTAFTER(CantoralDB[[#This Row],[index.html]],">"),">")&">" -> <a href="canciones/ain_karem/maria_de_nazaret.html">
A42: =ROW(CantoralDB[[#This Row],[Título]])-1 -> 41 | B42: Miradle | H42: Sol | I42: cej2 | J42: OK | M42: Ain Karem | N42: Busca mi rostro | O42: 13 | P42: 2013 | Q42: {=IF(OR(CantoralDB[[#This Row],[Autor]]="Taizé en español",CantoralDB[[#This Row],[Autor]]="Taizé original",CantoralDB[[#This Row],[Autor]]="Taizé"),"taize", IFERROR(_xlfn.XLOOKUP(CantoralDB[[#This Row],[Autor]],_xlfn.CHOOSECOLS(_xlfn.ANCHORARRAY(secciones!$A$3),1),_xlfn.CHOOSECOLS(_xlfn.ANCHORARRAY(secciones!$A$3),2)), IF(OR(CantoralDB[[#This Row],[Número antiguo]]<>"",CantoralDB[[#This Row],[Número]]<>""),"nsb","nuevas" )))} -> ain_karem | R42: {=IF(CantoralDB[[#This Row],[Autor]]="Taizé original","taize_orig", IF(CantoralDB[[#This Row],[Autor]]="Taizé en español","taize_esp", IF(CantoralDB[[#This Row],[Autor]]="Villancicos","villancicos", IF(OR(CantoralDB[[#This Row],[Número antiguo]]<>"",CantoralDB[[#This Row],[Número]]<>""),"nsb", IF(CantoralDB[[#This Row],[Número RCC]]<>"","rcce", IFERROR(_xlfn.XLOOKUP(CantoralDB[[#This Row],[Autor]],_xlfn.CHOOSECOLS(_xlfn.ANCHORARRAY(secciones!$A$3),1),_xlfn.CHOOSECOLS(_xlfn.ANCHORARRAY(secciones!$A$3),2)),"nuevas") )))))} -> ain_karem | S42: ="canciones/"&CantoralDB[[#This Row],[Carpeta]]&"/"&IF(CantoralDB[[#This Row],[Autor]]="Taizé en español", SUBSTITUTE(SUBSTITUTE(SUBSTITUTE(SUBSTITUTE(SUBSTITUTE(SUBSTITUTE(SUBSTITUTE(SUBSTITUTE(SUBSTITUTE(SUBSTITUTE(SUBSTITUTE(LOWER(CantoralDB[[#This Row],[Linked]]),"á","a"),"é","e"),"í","i"),"ó","o"),"ú","u")," ","_"),"¿",""),"?",""),"¡",""),"!",""),",","")&".html", SUBSTITUTE(SUBSTITUTE(SUBSTITUTE(SUBSTITUTE(SUBSTITUTE(SUBSTITUTE(SUBSTITUTE(SUBSTITUTE(SUBSTITUTE(SUBSTITUTE(SUBSTITUTE(LOWER(CantoralDB[[#This Row],[Título]]),"á","a"),"é","e"),"í","i"),"ó","o"),"ú","u")," ","_"),"¿",""),"?",""),"¡",""),"!",""),",","")&".html") -> canciones/ain_karem/miradle.html | V42: https://www.youtube.com/watch?v=A_0k2261UAM | W42: =IF(CantoralDB[[#This Row],[Linked]]="X","","<li"& IF(CantoralDB[[#This Row],[Autor]]="-",""," data-author="""&CantoralDB[[#This Row],[Autor]]&"""")& IF(ISBLANK(CantoralDB[[#This Row],[Momento]]),""," data-momento="""&CantoralDB[[#This Row],[Momento]]&"""")& IF(ISBLANK(CantoralDB[[#This Row],[Número]]),""," data-nnew="""&CantoralDB[[#This Row],[Número]]&"""")& IF(ISBLANK(CantoralDB[[#This Row],[Número antiguo]]),""," data-nold="""&CantoralDB[[#This Row],[Número antiguo]]&"""")& IF(ISBLANK(CantoralDB[[#This Row],[Número RCC]]),""," data-nrcc="""&CantoralDB[[#This Row],[Número RCC]]&"""")& "><a href="""&CantoralDB[[#This Row],[Ruta]]&""">"&CantoralDB[[#This Row],[Título]]&"</a></li>") -> <li data-author="Ain Karem"><a href="canciones/ain_karem/miradle.html">Miradle</a></li> | X42: =_xlfn.TEXTBEFORE(_xlfn.TEXTAFTER(CantoralDB[[#This Row],[index.html]],">"),">")&">" -> <a href="canciones/ain_karem/miradle.html">
A43: =ROW(CantoralDB[[#This Row],[Título]])-1 -> 42 | B43: Venid conmigo | H43: Re | J43: OK | M43: Ain Karem | N43: Busca mi rostro | O43: 14 | P43: 2013 | Q43: {=IF(OR(CantoralDB[[#This Row],[Autor]]="Taizé en español",CantoralDB[[#This Row],[Autor]]="Taizé original",CantoralDB[[#This Row],[Autor]]="Taizé"),"taize", IFERROR(_xlfn.XLOOKUP(CantoralDB[[#This Row],[Autor]],_xlfn.CHOOSECOLS(_xlfn.ANCHORARRAY(secciones!$A$3),1),_xlfn.CHOOSECOLS(_xlfn.ANCHORARRAY(secciones!$A$3),2)), IF(OR(CantoralDB[[#This Row],[Número antiguo]]<>"",CantoralDB[[#This Row],[Número]]<>""),"nsb","nuevas" )))} -> ain_karem | R43: {=IF(CantoralDB[[#This Row],[Autor]]="Taizé original","taize_orig", IF(CantoralDB[[#This Row],[Autor]]="Taizé en español","taize_esp", IF(CantoralDB[[#This Row],[Autor]]="Villancicos","villancicos", IF(OR(CantoralDB[[#This Row],[Número antiguo]]<>"",CantoralDB[[#This Row],[Número]]<>""),"nsb", IF(CantoralDB[[#This Row],[Número RCC]]<>"","rcce", IFERROR(_xlfn.XLOOKUP(CantoralDB[[#This Row],[Autor]],_xlfn.CHOOSECOLS(_xlfn.ANCHORARRAY(secciones!$A$3),1),_xlfn.CHOOSECOLS(_xlfn.ANCHORARRAY(secciones!$A$3),2)),"nuevas") )))))} -> ain_karem | S43: ="canciones/"&CantoralDB[[#This Row],[Carpeta]]&"/"&IF(CantoralDB[[#This Row],[Autor]]="Taizé en español", SUBSTITUTE(SUBSTITUTE(SUBSTITUTE(SUBSTITUTE(SUBSTITUTE(SUBSTITUTE(SUBSTITUTE(SUBSTITUTE(SUBSTITUTE(SUBSTITUTE(SUBSTITUTE(LOWER(CantoralDB[[#This Row],[Linked]]),"á","a"),"é","e"),"í","i"),"ó","o"),"ú","u")," ","_"),"¿",""),"?",""),"¡",""),"!",""),",","")&".html", SUBSTITUTE(SUBSTITUTE(SUBSTITUTE(SUBSTITUTE(SUBSTITUTE(SUBSTITUTE(SUBSTITUTE(SUBSTITUTE(SUBSTITUTE(SUBSTITUTE(SUBSTITUTE(LOWER(CantoralDB[[#This Row],[Título]]),"á","a"),"é","e"),"í","i"),"ó","o"),"ú","u")," ","_"),"¿",""),"?",""),"¡",""),"!",""),",","")&".html") -> canciones/ain_karem/venid_conmigo.html | V43: https://www.youtube.com/watch?v=ViFGpblE-20 | W43: =IF(CantoralDB[[#This Row],[Linked]]="X","","<li"& IF(CantoralDB[[#This Row],[Autor]]="-",""," data-author="""&CantoralDB[[#This Row],[Autor]]&"""")& IF(ISBLANK(CantoralDB[[#This Row],[Momento]]),""," data-momento="""&CantoralDB[[#This Row],[Momento]]&"""")& IF(ISBLANK(CantoralDB[[#This Row],[Número]]),""," data-nnew="""&CantoralDB[[#This Row],[Número]]&"""")& IF(ISBLANK(CantoralDB[[#This Row],[Número antiguo]]),""," data-nold="""&CantoralDB[[#This Row],[Número antiguo]]&"""")& IF(ISBLANK(CantoralDB[[#This Row],[Número RCC]]),""," data-nrcc="""&CantoralDB[[#This Row],[Número RCC]]&"""")& "><a href="""&CantoralDB[[#This Row],[Ruta]]&""">"&CantoralDB[[#This Row],[Título]]&"</a></li>") -> <li data-author="Ain Karem"><a href="canciones/ain_karem/venid_conmigo.html">Venid conmigo</a></li> | X43: =_xlfn.TEXTBEFORE(_xlfn.TEXTAFTER(CantoralDB[[#This Row],[index.html]],">"),">")&">" -> <a href="canciones/ain_karem/venid_conmigo.html">
A44: =ROW(CantoralDB[[#This Row],[Título]])-1 -> 43 | B44: Somos vedruna | H44: Sol | M44: Ain Karem | N44: Busca mi rostro | O44: 15 | P44: 2013 | Q44: {=IF(OR(CantoralDB[[#This Row],[Autor]]="Taizé en español",CantoralDB[[#This Row],[Autor]]="Taizé original",CantoralDB[[#This Row],[Autor]]="Taizé"),"taize", IFERROR(_xlfn.XLOOKUP(CantoralDB[[#This Row],[Autor]],_xlfn.CHOOSECOLS(_xlfn.ANCHORARRAY(secciones!$A$3),1),_xlfn.CHOOSECOLS(_xlfn.ANCHORARRAY(secciones!$A$3),2)), IF(OR(CantoralDB[[#This Row],[Número antiguo]]<>"",CantoralDB[[#This Row],[Número]]<>""),"nsb","nuevas" )))} -> ain_karem | R44: {=IF(CantoralDB[[#This Row],[Autor]]="Taizé original","taize_orig", IF(CantoralDB[[#This Row],[Autor]]="Taizé en español","taize_esp", IF(CantoralDB[[#This Row],[Autor]]="Villancicos","villancicos", IF(OR(CantoralDB[[#This Row],[Número antiguo]]<>"",CantoralDB[[#This Row],[Número]]<>""),"nsb", IF(CantoralDB[[#This Row],[Número RCC]]<>"","rcce", IFERROR(_xlfn.XLOOKUP(CantoralDB[[#This Row],[Autor]],_xlfn.CHOOSECOLS(_xlfn.ANCHORARRAY(secciones!$A$3),1),_xlfn.CHOOSECOLS(_xlfn.ANCHORARRAY(secciones!$A$3),2)),"nuevas") )))))} -> ain_karem | S44: ="canciones/"&CantoralDB[[#This Row],[Carpeta]]&"/"&IF(CantoralDB[[#This Row],[Autor]]="Taizé en español", SUBSTITUTE(SUBSTITUTE(SUBSTITUTE(SUBSTITUTE(SUBSTITUTE(SUBSTITUTE(SUBSTITUTE(SUBSTITUTE(SUBSTITUTE(SUBSTITUTE(SUBSTITUTE(LOWER(CantoralDB[[#This Row],[Linked]]),"á","a"),"é","e"),"í","i"),"ó","o"),"ú","u")," ","_"),"¿",""),"?",""),"¡",""),"!",""),",","")&".html", SUBSTITUTE(SUBSTITUTE(SUBSTITUTE(SUBSTITUTE(SUBSTITUTE(SUBSTITUTE(SUBSTITUTE(SUBSTITUTE(SUBSTITUTE(SUBSTITUTE(SUBSTITUTE(LOWER(CantoralDB[[#This Row],[Título]]),"á","a"),"é","e"),"í","i"),"ó","o"),"ú","u")," ","_"),"¿",""),"?",""),"¡",""),"!",""),",","")&".html") -> canciones/ain_karem/somos_vedruna.html | V44: https://www.youtube.com/watch?v=syoA7IB505E | W44: =IF(CantoralDB[[#This Row],[Linked]]="X","","<li"& IF(CantoralDB[[#This Row],[Autor]]="-",""," data-author="""&CantoralDB[[#This Row],[Autor]]&"""")& IF(ISBLANK(CantoralDB[[#This Row],[Momento]]),""," data-momento="""&CantoralDB[[#This Row],[Momento]]&"""")& IF(ISBLANK(CantoralDB[[#This Row],[Número]]),""," data-nnew="""&CantoralDB[[#This Row],[Número]]&"""")& IF(ISBLANK(CantoralDB[[#This Row],[Número antiguo]]),""," data-nold="""&CantoralDB[[#This Row],[Número antiguo]]&"""")& IF(ISBLANK(CantoralDB[[#This Row],[Número RCC]]),""," data-nrcc="""&CantoralDB[[#This Row],[Número RCC]]&"""")& "><a href="""&CantoralDB[[#This Row],[Ruta]]&""">"&CantoralDB[[#This Row],[Título]]&"</a></li>") -> <li data-author="Ain Karem"><a href="canciones/ain_karem/somos_vedruna.html">Somos vedruna</a></li> | X44: =_xlfn.TEXTBEFORE(_xlfn.TEXTAFTER(CantoralDB[[#This Row],[index.html]],">"),">")&">" -> <a href="canciones/ain_karem/somos_vedruna.html">
A45: =ROW(CantoralDB[[#This Row],[Título]])-1 -> 44 | B45: Dios fiel | H45: Do | J45: OK | M45: Ain Karem | N45: Con Él la fiesta empezó | O45: 1 | P45: 2008 | Q45: {=IF(OR(CantoralDB[[#This Row],[Autor]]="Taizé en español",CantoralDB[[#This Row],[Autor]]="Taizé original",CantoralDB[[#This Row],[Autor]]="Taizé"),"taize", IFERROR(_xlfn.XLOOKUP(CantoralDB[[#This Row],[Autor]],_xlfn.CHOOSECOLS(_xlfn.ANCHORARRAY(secciones!$A$3),1),_xlfn.CHOOSECOLS(_xlfn.ANCHORARRAY(secciones!$A$3),2)), IF(OR(CantoralDB[[#This Row],[Número antiguo]]<>"",CantoralDB[[#This Row],[Número]]<>""),"nsb","nuevas" )))} -> ain_karem | R45: {=IF(CantoralDB[[#This Row],[Autor]]="Taizé original","taize_orig", IF(CantoralDB[[#This Row],[Autor]]="Taizé en español","taize_esp", IF(CantoralDB[[#This Row],[Autor]]="Villancicos","villancicos", IF(OR(CantoralDB[[#This Row],[Número antiguo]]<>"",CantoralDB[[#This Row],[Número]]<>""),"nsb", IF(CantoralDB[[#This Row],[Número RCC]]<>"","rcce", IFERROR(_xlfn.XLOOKUP(CantoralDB[[#This Row],[Autor]],_xlfn.CHOOSECOLS(_xlfn.ANCHORARRAY(secciones!$A$3),1),_xlfn.CHOOSECOLS(_xlfn.ANCHORARRAY(secciones!$A$3),2)),"nuevas") )))))} -> ain_karem | S45: ="canciones/"&CantoralDB[[#This Row],[Carpeta]]&"/"&IF(CantoralDB[[#This Row],[Autor]]="Taizé en español", SUBSTITUTE(SUBSTITUTE(SUBSTITUTE(SUBSTITUTE(SUBSTITUTE(SUBSTITUTE(SUBSTITUTE(SUBSTITUTE(SUBSTITUTE(SUBSTITUTE(SUBSTITUTE(LOWER(CantoralDB[[#This Row],[Linked]]),"á","a"),"é","e"),"í","i"),"ó","o"),"ú","u")," ","_"),"¿",""),"?",""),"¡",""),"!",""),",","")&".html", SUBSTITUTE(SUBSTITUTE(SUBSTITUTE(SUBSTITUTE(SUBSTITUTE(SUBSTITUTE(SUBSTITUTE(SUBSTITUTE(SUBSTITUTE(SUBSTITUTE(SUBSTITUTE(LOWER(CantoralDB[[#This Row],[Título]]),"á","a"),"é","e"),"í","i"),"ó","o"),"ú","u")," ","_"),"¿",""),"?",""),"¡",""),"!",""),",","")&".html") -> canciones/ain_karem/dios_fiel.html | V45: https://www.youtube.com/watch?v=1xj8R5jOSbw | W45: =IF(CantoralDB[[#This Row],[Linked]]="X","","<li"& IF(CantoralDB[[#This Row],[Autor]]="-",""," data-author="""&CantoralDB[[#This Row],[Autor]]&"""")& IF(ISBLANK(CantoralDB[[#This Row],[Momento]]),""," data-momento="""&CantoralDB[[#This Row],[Momento]]&"""")& IF(ISBLANK(CantoralDB[[#This Row],[Número]]),""," data-nnew="""&CantoralDB[[#This Row],[Número]]&"""")& IF(ISBLANK(CantoralDB[[#This Row],[Número antiguo]]),""," data-nold="""&CantoralDB[[#This Row],[Número antiguo]]&"""")& IF(ISBLANK(CantoralDB[[#This Row],[Número RCC]]),""," data-nrcc="""&CantoralDB[[#This Row],[Número RCC]]&"""")& "><a href="""&CantoralDB[[#This Row],[Ruta]]&""">"&CantoralDB[[#This Row],[Título]]&"</a></li>") -> <li data-author="Ain Karem"><a href="canciones/ain_karem/dios_fiel.html">Dios fiel</a></li> | X45: =_xlfn.TEXTBEFORE(_xlfn.TEXTAFTER(CantoralDB[[#This Row],[index.html]],">"),">")&">" -> <a href="canciones/ain_karem/dios_fiel.html">
A46: =ROW(CantoralDB[[#This Row],[Título]])-1 -> 45 | B46: Hambre y sed de Ti | H46: La | I46: cej1 | J46: OK | M46: Ain Karem | N46: Con Él la fiesta empezó | O46: 2 | P46: 2008 | Q46: {=IF(OR(CantoralDB[[#This Row],[Autor]]="Taizé en español",CantoralDB[[#This Row],[Autor]]="Taizé original",CantoralDB[[#This Row],[Autor]]="Taizé"),"taize", IFERROR(_xlfn.XLOOKUP(CantoralDB[[#This Row],[Autor]],_xlfn.CHOOSECOLS(_xlfn.ANCHORARRAY(secciones!$A$3),1),_xlfn.CHOOSECOLS(_xlfn.ANCHORARRAY(secciones!$A$3),2)), IF(OR(CantoralDB[[#This Row],[Número antiguo]]<>"",CantoralDB[[#This Row],[Número]]<>""),"nsb","nuevas" )))} -> ain_karem | R46: {=IF(CantoralDB[[#This Row],[Autor]]="Taizé original","taize_orig", IF(CantoralDB[[#This Row],[Autor]]="Taizé en español","taize_esp", IF(CantoralDB[[#This Row],[Autor]]="Villancicos","villancicos", IF(OR(CantoralDB[[#This Row],[Número antiguo]]<>"",CantoralDB[[#This Row],[Número]]<>""),"nsb", IF(CantoralDB[[#This Row],[Número RCC]]<>"","rcce", IFERROR(_xlfn.XLOOKUP(CantoralDB[[#This Row],[Autor]],_xlfn.CHOOSECOLS(_xlfn.ANCHORARRAY(secciones!$A$3),1),_xlfn.CHOOSECOLS(_xlfn.ANCHORARRAY(secciones!$A$3),2)),"nuevas") )))))} -> ain_karem | S46: ="canciones/"&CantoralDB[[#This Row],[Carpeta]]&"/"&IF(CantoralDB[[#This Row],[Autor]]="Taizé en español", SUBSTITUTE(SUBSTITUTE(SUBSTITUTE(SUBSTITUTE(SUBSTITUTE(SUBSTITUTE(SUBSTITUTE(SUBSTITUTE(SUBSTITUTE(SUBSTITUTE(SUBSTITUTE(LOWER(CantoralDB[[#This Row],[Linked]]),"á","a"),"é","e"),"í","i"),"ó","o"),"ú","u")," ","_"),"¿",""),"?",""),"¡",""),"!",""),",","")&".html", SUBSTITUTE(SUBSTITUTE(SUBSTITUTE(SUBSTITUTE(SUBSTITUTE(SUBSTITUTE(SUBSTITUTE(SUBSTITUTE(SUBSTITUTE(SUBSTITUTE(SUBSTITUTE(LOWER(CantoralDB[[#This Row],[Título]]),"á","a"),"é","e"),"í","i"),"ó","o"),"ú","u")," ","_"),"¿",""),"?",""),"¡",""),"!",""),",","")&".html") -> canciones/ain_karem/hambre_y_sed_de_ti.html | V46: https://www.youtube.com/watch?v=EOdBhPwOKvs | W46: =IF(CantoralDB[[#This Row],[Linked]]="X","","<li"& IF(CantoralDB[[#This Row],[Autor]]="-",""," data-author="""&CantoralDB[[#This Row],[Autor]]&"""")& IF(ISBLANK(CantoralDB[[#This Row],[Momento]]),""," data-momento="""&CantoralDB[[#This Row],[Momento]]&"""")& IF(ISBLANK(CantoralDB[[#This Row],[Número]]),""," data-nnew="""&CantoralDB[[#This Row],[Número]]&"""")& IF(ISBLANK(CantoralDB[[#This Row],[Número antiguo]]),""," data-nold="""&CantoralDB[[#This Row],[Número antiguo]]&"""")& IF(ISBLANK(CantoralDB[[#This Row],[Número RCC]]),""," data-nrcc="""&CantoralDB[[#This Row],[Número RCC]]&"""")& "><a href="""&CantoralDB[[#This Row],[Ruta]]&""">"&CantoralDB[[#This Row],[Título]]&"</a></li>") -> <li data-author="Ain Karem"><a href="canciones/ain_karem/hambre_y_sed_de_ti.html">Hambre y sed de Ti</a></li> | X46: =_xlfn.TEXTBEFORE(_xlfn.TEXTAFTER(CantoralDB[[#This Row],[index.html]],">"),">")&">" -> <a href="canciones/ain_karem/hambre_y_sed_de_ti.html">
A47: =ROW(CantoralDB[[#This Row],[Título]])-1 -> 46 | B47: Confianza | H47: Re | J47: OK | M47: Ain Karem | N47: Con Él la fiesta empezó | O47: 3 | P47: 2008 | Q47: {=IF(OR(CantoralDB[[#This Row],[Autor]]="Taizé en español",CantoralDB[[#This Row],[Autor]]="Taizé original",CantoralDB[[#This Row],[Autor]]="Taizé"),"taize", IFERROR(_xlfn.XLOOKUP(CantoralDB[[#This Row],[Autor]],_xlfn.CHOOSECOLS(_xlfn.ANCHORARRAY(secciones!$A$3),1),_xlfn.CHOOSECOLS(_xlfn.ANCHORARRAY(secciones!$A$3),2)), IF(OR(CantoralDB[[#This Row],[Número antiguo]]<>"",CantoralDB[[#This Row],[Número]]<>""),"nsb","nuevas" )))} -> ain_karem | R47: {=IF(CantoralDB[[#This Row],[Autor]]="Taizé original","taize_orig", IF(CantoralDB[[#This Row],[Autor]]="Taizé en español","taize_esp", IF(CantoralDB[[#This Row],[Autor]]="Villancicos","villancicos", IF(OR(CantoralDB[[#This Row],[Número antiguo]]<>"",CantoralDB[[#This Row],[Número]]<>""),"nsb", IF(CantoralDB[[#This Row],[Número RCC]]<>"","rcce", IFERROR(_xlfn.XLOOKUP(CantoralDB[[#This Row],[Autor]],_xlfn.CHOOSECOLS(_xlfn.ANCHORARRAY(secciones!$A$3),1),_xlfn.CHOOSECOLS(_xlfn.ANCHORARRAY(secciones!$A$3),2)),"nuevas") )))))} -> ain_karem | S47: ="canciones/"&CantoralDB[[#This Row],[Carpeta]]&"/"&IF(CantoralDB[[#This Row],[Autor]]="Taizé en español", SUBSTITUTE(SUBSTITUTE(SUBSTITUTE(SUBSTITUTE(SUBSTITUTE(SUBSTITUTE(SUBSTITUTE(SUBSTITUTE(SUBSTITUTE(SUBSTITUTE(SUBSTITUTE(LOWER(CantoralDB[[#This Row],[Linked]]),"á","a"),"é","e"),"í","i"),"ó","o"),"ú","u")," ","_"),"¿",""),"?",""),"¡",""),"!",""),",","")&".html", SUBSTITUTE(SUBSTITUTE(SUBSTITUTE(SUBSTITUTE(SUBSTITUTE(SUBSTITUTE(SUBSTITUTE(SUBSTITUTE(SUBSTITUTE(SUBSTITUTE(SUBSTITUTE(LOWER(CantoralDB[[#This Row],[Título]]),"á","a"),"é","e"),"í","i"),"ó","o"),"ú","u")," ","_"),"¿",""),"?",""),"¡",""),"!",""),",","")&".html") -> canciones/ain_karem/confianza.html | V47: https://www.youtube.com/watch?v=OIGlQ3VsgwU | W47: =IF(CantoralDB[[#This Row],[Linked]]="X","","<li"& IF(CantoralDB[[#This Row],[Autor]]="-",""," data-author="""&CantoralDB[[#This Row],[Autor]]&"""")& IF(ISBLANK(CantoralDB[[#This Row],[Momento]]),""," data-momento="""&CantoralDB[[#This Row],[Momento]]&"""")& IF(ISBLANK(CantoralDB[[#This Row],[Número]]),""," data-nnew="""&CantoralDB[[#This Row],[Número]]&"""")& IF(ISBLANK(CantoralDB[[#This Row],[Número antiguo]]),""," data-nold="""&CantoralDB[[#This Row],[Número antiguo]]&"""")& IF(ISBLANK(CantoralDB[[#This Row],[Número RCC]]),""," data-nrcc="""&CantoralDB[[#This Row],[Número RCC]]&"""")& "><a href="""&CantoralDB[[#This Row],[Ruta]]&""">"&CantoralDB[[#This Row],[Título]]&"</a></li>") -> <li data-author="Ain Karem"><a href="canciones/ain_karem/confianza.html">Confianza</a></li> | X47: =_xlfn.TEXTBEFORE(_xlfn.TEXTAFTER(CantoralDB[[#This Row],[index.html]],">"),">")&">" -> <a href="canciones/ain_karem/confianza.html">
A48: =ROW(CantoralDB[[#This Row],[Título]])-1 -> 47 | B48: Talita kum | H48: Re | M48: Ain Karem | N48: Con Él la fiesta empezó | O48: 4 | P48: 2008 | Q48: {=IF(OR(CantoralDB[[#This Row],[Autor]]="Taizé en español",CantoralDB[[#This Row],[Autor]]="Taizé original",CantoralDB[[#This Row],[Autor]]="Taizé"),"taize", IFERROR(_xlfn.XLOOKUP(CantoralDB[[#This Row],[Autor]],_xlfn.CHOOSECOLS(_xlfn.ANCHORARRAY(secciones!$A$3),1),_xlfn.CHOOSECOLS(_xlfn.ANCHORARRAY(secciones!$A$3),2)), IF(OR(CantoralDB[[#This Row],[Número antiguo]]<>"",CantoralDB[[#This Row],[Número]]<>""),"nsb","nuevas" )))} -> ain_karem | R48: {=IF(CantoralDB[[#This Row],[Autor]]="Taizé original","taize_orig", IF(CantoralDB[[#This Row],[Autor]]="Taizé en español","taize_esp", IF(CantoralDB[[#This Row],[Autor]]="Villancicos","villancicos", IF(OR(CantoralDB[[#This Row],[Número antiguo]]<>"",CantoralDB[[#This Row],[Número]]<>""),"nsb", IF(CantoralDB[[#This Row],[Número RCC]]<>"","rcce", IFERROR(_xlfn.XLOOKUP(CantoralDB[[#This Row],[Autor]],_xlfn.CHOOSECOLS(_xlfn.ANCHORARRAY(secciones!$A$3),1),_xlfn.CHOOSECOLS(_xlfn.ANCHORARRAY(secciones!$A$3),2)),"nuevas") )))))} -> ain_karem | S48: ="canciones/"&CantoralDB[[#This Row],[Carpeta]]&"/"&IF(CantoralDB[[#This Row],[Autor]]="Taizé en español", SUBSTITUTE(SUBSTITUTE(SUBSTITUTE(SUBSTITUTE(SUBSTITUTE(SUBSTITUTE(SUBSTITUTE(SUBSTITUTE(SUBSTITUTE(SUBSTITUTE(SUBSTITUTE(LOWER(CantoralDB[[#This Row],[Linked]]),"á","a"),"é","e"),"í","i"),"ó","o"),"ú","u")," ","_"),"¿",""),"?",""),"¡",""),"!",""),",","")&".html", SUBSTITUTE(SUBSTITUTE(SUBSTITUTE(SUBSTITUTE(SUBSTITUTE(SUBSTITUTE(SUBSTITUTE(SUBSTITUTE(SUBSTITUTE(SUBSTITUTE(SUBSTITUTE(LOWER(CantoralDB[[#This Row],[Título]]),"á","a"),"é","e"),"í","i"),"ó","o"),"ú","u")," ","_"),"¿",""),"?",""),"¡",""),"!",""),",","")&".html") -> canciones/ain_karem/talita_kum.html | V48: https://www.youtube.com/watch?v=ZsFW8cbRCr4 | W48: =IF(CantoralDB[[#This Row],[Linked]]="X","","<li"& IF(CantoralDB[[#This Row],[Autor]]="-",""," data-author="""&CantoralDB[[#This Row],[Autor]]&"""")& IF(ISBLANK(CantoralDB[[#This Row],[Momento]]),""," data-momento="""&CantoralDB[[#This Row],[Momento]]&"""")& IF(ISBLANK(CantoralDB[[#This Row],[Número]]),""," data-nnew="""&CantoralDB[[#This Row],[Número]]&"""")& IF(ISBLANK(CantoralDB[[#This Row],[Número antiguo]]),""," data-nold="""&CantoralDB[[#This Row],[Número antiguo]]&"""")& IF(ISBLANK(CantoralDB[[#This Row],[Número RCC]]),""," data-nrcc="""&CantoralDB[[#This Row],[Número RCC]]&"""")& "><a href="""&CantoralDB[[#This Row],[Ruta]]&""">"&CantoralDB[[#This Row],[Título]]&"</a></li>") -> <li data-author="Ain Karem"><a href="canciones/ain_karem/talita_kum.html">Talita kum</a></li> | X48: =_xlfn.TEXTBEFORE(_xlfn.TEXTAFTER(CantoralDB[[#This Row],[index.html]],">"),">")&">" -> <a href="canciones/ain_karem/talita_kum.html">
A49: =ROW(CantoralDB[[#This Row],[Título]])-1 -> 48 | B49: Pan compartido | H49: Do | I49: cej2 | J49: OK | M49: Ain Karem | N49: Con Él la fiesta empezó | O49: 5 | P49: 2008 | Q49: {=IF(OR(CantoralDB[[#This Row],[Autor]]="Taizé en español",CantoralDB[[#This Row],[Autor]]="Taizé original",CantoralDB[[#This Row],[Autor]]="Taizé"),"taize", IFERROR(_xlfn.XLOOKUP(CantoralDB[[#This Row],[Autor]],_xlfn.CHOOSECOLS(_xlfn.ANCHORARRAY(secciones!$A$3),1),_xlfn.CHOOSECOLS(_xlfn.ANCHORARRAY(secciones!$A$3),2)), IF(OR(CantoralDB[[#This Row],[Número antiguo]]<>"",CantoralDB[[#This Row],[Número]]<>""),"nsb","nuevas" )))} -> ain_karem | R49: {=IF(CantoralDB[[#This Row],[Autor]]="Taizé original","taize_orig", IF(CantoralDB[[#This Row],[Autor]]="Taizé en español","taize_esp", IF(CantoralDB[[#This Row],[Autor]]="Villancicos","villancicos", IF(OR(CantoralDB[[#This Row],[Número antiguo]]<>"",CantoralDB[[#This Row],[Número]]<>""),"nsb", IF(CantoralDB[[#This Row],[Número RCC]]<>"","rcce", IFERROR(_xlfn.XLOOKUP(CantoralDB[[#This Row],[Autor]],_xlfn.CHOOSECOLS(_xlfn.ANCHORARRAY(secciones!$A$3),1),_xlfn.CHOOSECOLS(_xlfn.ANCHORARRAY(secciones!$A$3),2)),"nuevas") )))))} -> ain_karem | S49: ="canciones/"&CantoralDB[[#This Row],[Carpeta]]&"/"&IF(CantoralDB[[#This Row],[Autor]]="Taizé en español", SUBSTITUTE(SUBSTITUTE(SUBSTITUTE(SUBSTITUTE(SUBSTITUTE(SUBSTITUTE(SUBSTITUTE(SUBSTITUTE(SUBSTITUTE(SUBSTITUTE(SUBSTITUTE(LOWER(CantoralDB[[#This Row],[Linked]]),"á","a"),"é","e"),"í","i"),"ó","o"),"ú","u")," ","_"),"¿",""),"?",""),"¡",""),"!",""),",","")&".html", SUBSTITUTE(SUBSTITUTE(SUBSTITUTE(SUBSTITUTE(SUBSTITUTE(SUBSTITUTE(SUBSTITUTE(SUBSTITUTE(SUBSTITUTE(SUBSTITUTE(SUBSTITUTE(LOWER(CantoralDB[[#This Row],[Título]]),"á","a"),"é","e"),"í","i"),"ó","o"),"ú","u")," ","_"),"¿",""),"?",""),"¡",""),"!",""),",","")&".html") -> canciones/ain_karem/pan_compartido.html | V49: https://www.youtube.com/watch?v=tfVOkXfSv6U | W49: =IF(CantoralDB[[#This Row],[Linked]]="X","","<li"& IF(CantoralDB[[#This Row],[Autor]]="-",""," data-author="""&CantoralDB[[#This Row],[Autor]]&"""")& IF(ISBLANK(CantoralDB[[#This Row],[Momento]]),""," data-momento="""&CantoralDB[[#This Row],[Momento]]&"""")& IF(ISBLANK(CantoralDB[[#This Row],[Número]]),""," data-nnew="""&CantoralDB[[#This Row],[Número]]&"""")& IF(ISBLANK(CantoralDB[[#This Row],[Número antiguo]]),""," data-nold="""&CantoralDB[[#This Row],[Número antiguo]]&"""")& IF(ISBLANK(CantoralDB[[#This Row],[Número RCC]]),""," data-nrcc="""&CantoralDB[[#This Row],[Número RCC]]&"""")& "><a href="""&CantoralDB[[#This Row],[Ruta]]&""">"&CantoralDB[[#This Row],[Título]]&"</a></li>") -> <li data-author="Ain Karem"><a href="canciones/ain_karem/pan_compartido.html">Pan compartido</a></li> | X49: =_xlfn.TEXTBEFORE(_xlfn.TEXTAFTER(CantoralDB[[#This Row],[index.html]],">"),">")&">" -> <a href="canciones/ain_karem/pan_compartido.html">
A50: =ROW(CantoralDB[[#This Row],[Título]])-1 -> 49 | B50: Gloria Trinitario | H50: Do | J50: OK | M50: Ain Karem | N50: Con Él la fiesta empezó | O50: 6 | P50: 2008 | Q50: {=IF(OR(CantoralDB[[#This Row],[Autor]]="Taizé en español",CantoralDB[[#This Row],[Autor]]="Taizé original",CantoralDB[[#This Row],[Autor]]="Taizé"),"taize", IFERROR(_xlfn.XLOOKUP(CantoralDB[[#This Row],[Autor]],_xlfn.CHOOSECOLS(_xlfn.ANCHORARRAY(secciones!$A$3),1),_xlfn.CHOOSECOLS(_xlfn.ANCHORARRAY(secciones!$A$3),2)), IF(OR(CantoralDB[[#This Row],[Número antiguo]]<>"",CantoralDB[[#This Row],[Número]]<>""),"nsb","nuevas" )))} -> ain_karem | R50: {=IF(CantoralDB[[#This Row],[Autor]]="Taizé original","taize_orig", IF(CantoralDB[[#This Row],[Autor]]="Taizé en español","taize_esp", IF(CantoralDB[[#This Row],[Autor]]="Villancicos","villancicos", IF(OR(CantoralDB[[#This Row],[Número antiguo]]<>"",CantoralDB[[#This Row],[Número]]<>""),"nsb", IF(CantoralDB[[#This Row],[Número RCC]]<>"","rcce", IFERROR(_xlfn.XLOOKUP(CantoralDB[[#This Row],[Autor]],_xlfn.CHOOSECOLS(_xlfn.ANCHORARRAY(secciones!$A$3),1),_xlfn.CHOOSECOLS(_xlfn.ANCHORARRAY(secciones!$A$3),2)),"nuevas") )))))} -> ain_karem | S50: ="canciones/"&CantoralDB[[#This Row],[Carpeta]]&"/"&IF(CantoralDB[[#This Row],[Autor]]="Taizé en español", SUBSTITUTE(SUBSTITUTE(SUBSTITUTE(SUBSTITUTE(SUBSTITUTE(SUBSTITUTE(SUBSTITUTE(SUBSTITUTE(SUBSTITUTE(SUBSTITUTE(SUBSTITUTE(LOWER(CantoralDB[[#This Row],[Linked]]),"á","a"),"é","e"),"í","i"),"ó","o"),"ú","u")," ","_"),"¿",""),"?",""),"¡",""),"!",""),",","")&".html", SUBSTITUTE(SUBSTITUTE(SUBSTITUTE(SUBSTITUTE(SUBSTITUTE(SUBSTITUTE(SUBSTITUTE(SUBSTITUTE(SUBSTITUTE(SUBSTITUTE(SUBSTITUTE(LOWER(CantoralDB[[#This Row],[Título]]),"á","a"),"é","e"),"í","i"),"ó","o"),"ú","u")," ","_"),"¿",""),"?",""),"¡",""),"!",""),",","")&".html") -> canciones/ain_karem/gloria_trinitario.html | V50: https://www.youtube.com/watch?v=l5KM7IsSTKo | W50: =IF(CantoralDB[[#This Row],[Linked]]="X","","<li"& IF(CantoralDB[[#This Row],[Autor]]="-",""," data-author="""&CantoralDB[[#This Row],[Autor]]&"""")& IF(ISBLANK(CantoralDB[[#This Row],[Momento]]),""," data-momento="""&CantoralDB[[#This Row],[Momento]]&"""")& IF(ISBLANK(CantoralDB[[#This Row],[Número]]),""," data-nnew="""&CantoralDB[[#This Row],[Número]]&"""")& IF(ISBLANK(CantoralDB[[#This Row],[Número antiguo]]),""," data-nold="""&CantoralDB[[#This Row],[Número antiguo]]&"""")& IF(ISBLANK(CantoralDB[[#This Row],[Número RCC]]),""," data-nrcc="""&CantoralDB[[#This Row],[Número RCC]]&"""")& "><a href="""&CantoralDB[[#This Row],[Ruta]]&""">"&CantoralDB[[#This Row],[Título]]&"</a></li>") -> <li data-author="Ain Karem"><a href="canciones/ain_karem/gloria_trinitario.html">Gloria Trinitario</a></li> | X50: =_xlfn.TEXTBEFORE(_xlfn.TEXTAFTER(CantoralDB[[#This Row],[index.html]],">"),">")&">" -> <a href="canciones/ain_karem/gloria_trinitario.html">
A51: =ROW(CantoralDB[[#This Row],[Título]])-1 -> 50 | B51: A Ti | H51: Sol | J51: OK | M51: Ain Karem | N51: Con Él la fiesta empezó | O51: 7 | P51: 2008 | Q51: {=IF(OR(CantoralDB[[#This Row],[Autor]]="Taizé en español",CantoralDB[[#This Row],[Autor]]="Taizé original",CantoralDB[[#This Row],[Autor]]="Taizé"),"taize", IFERROR(_xlfn.XLOOKUP(CantoralDB[[#This Row],[Autor]],_xlfn.CHOOSECOLS(_xlfn.ANCHORARRAY(secciones!$A$3),1),_xlfn.CHOOSECOLS(_xlfn.ANCHORARRAY(secciones!$A$3),2)), IF(OR(CantoralDB[[#This Row],[Número antiguo]]<>"",CantoralDB[[#This Row],[Número]]<>""),"nsb","nuevas" )))} -> ain_karem | R51: {=IF(CantoralDB[[#This Row],[Autor]]="Taizé original","taize_orig", IF(CantoralDB[[#This Row],[Autor]]="Taizé en español","taize_esp", IF(CantoralDB[[#This Row],[Autor]]="Villancicos","villancicos", IF(OR(CantoralDB[[#This Row],[Número antiguo]]<>"",CantoralDB[[#This Row],[Número]]<>""),"nsb", IF(CantoralDB[[#This Row],[Número RCC]]<>"","rcce", IFERROR(_xlfn.XLOOKUP(CantoralDB[[#This Row],[Autor]],_xlfn.CHOOSECOLS(_xlfn.ANCHORARRAY(secciones!$A$3),1),_xlfn.CHOOSECOLS(_xlfn.ANCHORARRAY(secciones!$A$3),2)),"nuevas") )))))} -> ain_karem | S51: ="canciones/"&CantoralDB[[#This Row],[Carpeta]]&"/"&IF(CantoralDB[[#This Row],[Autor]]="Taizé en español", SUBSTITUTE(SUBSTITUTE(SUBSTITUTE(SUBSTITUTE(SUBSTITUTE(SUBSTITUTE(SUBSTITUTE(SUBSTITUTE(SUBSTITUTE(SUBSTITUTE(SUBSTITUTE(LOWER(CantoralDB[[#This Row],[Linked]]),"á","a"),"é","e"),"í","i"),"ó","o"),"ú","u")," ","_"),"¿",""),"?",""),"¡",""),"!",""),",","")&".html", SUBSTITUTE(SUBSTITUTE(SUBSTITUTE(SUBSTITUTE(SUBSTITUTE(SUBSTITUTE(SUBSTITUTE(SUBSTITUTE(SUBSTITUTE(SUBSTITUTE(SUBSTITUTE(LOWER(CantoralDB[[#This Row],[Título]]),"á","a"),"é","e"),"í","i"),"ó","o"),"ú","u")," ","_"),"¿",""),"?",""),"¡",""),"!",""),",","")&".html") -> canciones/ain_karem/a_ti.html | V51: https://www.youtube.com/watch?v=dfTY2mvKbVI | W51: =IF(CantoralDB[[#This Row],[Linked]]="X","","<li"& IF(CantoralDB[[#This Row],[Autor]]="-",""," data-author="""&CantoralDB[[#This Row],[Autor]]&"""")& IF(ISBLANK(CantoralDB[[#This Row],[Momento]]),""," data-momento="""&CantoralDB[[#This Row],[Momento]]&"""")& IF(ISBLANK(CantoralDB[[#This Row],[Número]]),""," data-nnew="""&CantoralDB[[#This Row],[Número]]&"""")& IF(ISBLANK(CantoralDB[[#This Row],[Número antiguo]]),""," data-nold="""&CantoralDB[[#This Row],[Número antiguo]]&"""")& IF(ISBLANK(CantoralDB[[#This Row],[Número RCC]]),""," data-nrcc="""&CantoralDB[[#This Row],[Número RCC]]&"""")& "><a href="""&CantoralDB[[#This Row],[Ruta]]&""">"&CantoralDB[[#This Row],[Título]]&"</a></li>") -> <li data-author="Ain Karem"><a href="canciones/ain_karem/a_ti.html">A Ti</a></li> | X51: =_xlfn.TEXTBEFORE(_xlfn.TEXTAFTER(CantoralDB[[#This Row],[index.html]],">"),">")&">" -> <a href="canciones/ain_karem/a_ti.html">
A52: =ROW(CantoralDB[[#This Row],[Título]])-1 -> 51 | B52: Tú lo sabes | H52: La | J52: OK | M52: Ain Karem | N52: Con Él la fiesta empezó | O52: 8 | P52: 2008 | Q52: {=IF(OR(CantoralDB[[#This Row],[Autor]]="Taizé en español",CantoralDB[[#This Row],[Autor]]="Taizé original",CantoralDB[[#This Row],[Autor]]="Taizé"),"taize", IFERROR(_xlfn.XLOOKUP(CantoralDB[[#This Row],[Autor]],_xlfn.CHOOSECOLS(_xlfn.ANCHORARRAY(secciones!$A$3),1),_xlfn.CHOOSECOLS(_xlfn.ANCHORARRAY(secciones!$A$3),2)), IF(OR(CantoralDB[[#This Row],[Número antiguo]]<>"",CantoralDB[[#This Row],[Número]]<>""),"nsb","nuevas" )))} -> ain_karem | R52: {=IF(CantoralDB[[#This Row],[Autor]]="Taizé original","taize_orig", IF(CantoralDB[[#This Row],[Autor]]="Taizé en español","taize_esp", IF(CantoralDB[[#This Row],[Autor]]="Villancicos","villancicos", IF(OR(CantoralDB[[#This Row],[Número antiguo]]<>"",CantoralDB[[#This Row],[Número]]<>""),"nsb", IF(CantoralDB[[#This Row],[Número RCC]]<>"","rcce", IFERROR(_xlfn.XLOOKUP(CantoralDB[[#This Row],[Autor]],_xlfn.CHOOSECOLS(_xlfn.ANCHORARRAY(secciones!$A$3),1),_xlfn.CHOOSECOLS(_xlfn.ANCHORARRAY(secciones!$A$3),2)),"nuevas") )))))} -> ain_karem | S52: ="canciones/"&CantoralDB[[#This Row],[Carpeta]]&"/"&IF(CantoralDB[[#This Row],[Autor]]="Taizé en español", SUBSTITUTE(SUBSTITUTE(SUBSTITUTE(SUBSTITUTE(SUBSTITUTE(SUBSTITUTE(SUBSTITUTE(SUBSTITUTE(SUBSTITUTE(SUBSTITUTE(SUBSTITUTE(LOWER(CantoralDB[[#This Row],[Linked]]),"á","a"),"é","e"),"í","i"),"ó","o"),"ú","u")," ","_"),"¿",""),"?",""),"¡",""),"!",""),",","")&".html", SUBSTITUTE(SUBSTITUTE(SUBSTITUTE(SUBSTITUTE(SUBSTITUTE(SUBSTITUTE(SUBSTITUTE(SUBSTITUTE(SUBSTITUTE(SUBSTITUTE(SUBSTITUTE(LOWER(CantoralDB[[#This Row],[Título]]),"á","a"),"é","e"),"í","i"),"ó","o"),"ú","u")," ","_"),"¿",""),"?",""),"¡",""),"!",""),",","")&".html") -> canciones/ain_karem/tu_lo_sabes.html | V52: https://www.youtube.com/watch?v=pdskwFwT3Mg | W52: =IF(CantoralDB[[#This Row],[Linked]]="X","","<li"& IF(CantoralDB[[#This Row],[Autor]]="-",""," data-author="""&CantoralDB[[#This Row],[Autor]]&"""")& IF(ISBLANK(CantoralDB[[#This Row],[Momento]]),""," data-momento="""&CantoralDB[[#This Row],[Momento]]&"""")& IF(ISBLANK(CantoralDB[[#This Row],[Número]]),""," data-nnew="""&CantoralDB[[#This Row],[Número]]&"""")& IF(ISBLANK(CantoralDB[[#This Row],[Número antiguo]]),""," data-nold="""&CantoralDB[[#This Row],[Número antiguo]]&"""")& IF(ISBLANK(CantoralDB[[#This Row],[Número RCC]]),""," data-nrcc="""&CantoralDB[[#This Row],[Número RCC]]&"""")& "><a href="""&CantoralDB[[#This Row],[Ruta]]&""">"&CantoralDB[[#This Row],[Título]]&"</a></li>") -> <li data-author="Ain Karem"><a href="canciones/ain_karem/tu_lo_sabes.html">Tú lo sabes</a></li> | X52: =_xlfn.TEXTBEFORE(_xlfn.TEXTAFTER(CantoralDB[[#This Row],[index.html]],">"),">")&">" -> <a href="canciones/ain_karem/tu_lo_sabes.html">
A53: =ROW(CantoralDB[[#This Row],[Título]])-1 -> 52 | B53: Caná | H53: Mi | I53: cej1 | J53: OK | M53: Ain Karem | N53: Con Él la fiesta empezó | O53: 9 | P53: 2008 | Q53: {=IF(OR(CantoralDB[[#This Row],[Autor]]="Taizé en español",CantoralDB[[#This Row],[Autor]]="Taizé original",CantoralDB[[#This Row],[Autor]]="Taizé"),"taize", IFERROR(_xlfn.XLOOKUP(CantoralDB[[#This Row],[Autor]],_xlfn.CHOOSECOLS(_xlfn.ANCHORARRAY(secciones!$A$3),1),_xlfn.CHOOSECOLS(_xlfn.ANCHORARRAY(secciones!$A$3),2)), IF(OR(CantoralDB[[#This Row],[Número antiguo]]<>"",CantoralDB[[#This Row],[Número]]<>""),"nsb","nuevas" )))} -> ain_karem | R53: {=IF(CantoralDB[[#This Row],[Autor]]="Taizé original","taize_orig", IF(CantoralDB[[#This Row],[Autor]]="Taizé en español","taize_esp", IF(CantoralDB[[#This Row],[Autor]]="Villancicos","villancicos", IF(OR(CantoralDB[[#This Row],[Número antiguo]]<>"",CantoralDB[[#This Row],[Número]]<>""),"nsb", IF(CantoralDB[[#This Row],[Número RCC]]<>"","rcce", IFERROR(_xlfn.XLOOKUP(CantoralDB[[#This Row],[Autor]],_xlfn.CHOOSECOLS(_xlfn.ANCHORARRAY(secciones!$A$3),1),_xlfn.CHOOSECOLS(_xlfn.ANCHORARRAY(secciones!$A$3),2)),"nuevas") )))))} -> ain_karem | S53: ="canciones/"&CantoralDB[[#This Row],[Carpeta]]&"/"&IF(CantoralDB[[#This Row],[Autor]]="Taizé en español", SUBSTITUTE(SUBSTITUTE(SUBSTITUTE(SUBSTITUTE(SUBSTITUTE(SUBSTITUTE(SUBSTITUTE(SUBSTITUTE(SUBSTITUTE(SUBSTITUTE(SUBSTITUTE(LOWER(CantoralDB[[#This Row],[Linked]]),"á","a"),"é","e"),"í","i"),"ó","o"),"ú","u")," ","_"),"¿",""),"?",""),"¡",""),"!",""),",","")&".html", SUBSTITUTE(SUBSTITUTE(SUBSTITUTE(SUBSTITUTE(SUBSTITUTE(SUBSTITUTE(SUBSTITUTE(SUBSTITUTE(SUBSTITUTE(SUBSTITUTE(SUBSTITUTE(LOWER(CantoralDB[[#This Row],[Título]]),"á","a"),"é","e"),"í","i"),"ó","o"),"ú","u")," ","_"),"¿",""),"?",""),"¡",""),"!",""),",","")&".html") -> canciones/ain_karem/cana.html | V53: https://www.youtube.com/watch?v=uQ77we5P0_M | W53: =IF(CantoralDB[[#This Row],[Linked]]="X","","<li"& IF(CantoralDB[[#This Row],[Autor]]="-",""," data-author="""&CantoralDB[[#This Row],[Autor]]&"""")& IF(ISBLANK(CantoralDB[[#This Row],[Momento]]),""," data-momento="""&CantoralDB[[#This Row],[Momento]]&"""")& IF(ISBLANK(CantoralDB[[#This Row],[Número]]),""," data-nnew="""&CantoralDB[[#This Row],[Número]]&"""")& IF(ISBLANK(CantoralDB[[#This Row],[Número antiguo]]),""," data-nold="""&CantoralDB[[#This Row],[Número antiguo]]&"""")& IF(ISBLANK(CantoralDB[[#This Row],[Número RCC]]),""," data-nrcc="""&CantoralDB[[#This Row],[Número RCC]]&"""")& "><a href="""&CantoralDB[[#This Row],[Ruta]]&""">"&CantoralDB[[#This Row],[Título]]&"</a></li>") -> <li data-author="Ain Karem"><a href="canciones/ain_karem/cana.html">Caná</a></li> | X53: =_xlfn.TEXTBEFORE(_xlfn.TEXTAFTER(CantoralDB[[#This Row],[index.html]],">"),">")&">" -> <a href="canciones/ain_karem/cana.html">
A54: =ROW(CantoralDB[[#This Row],[Título]])-1 -> 53 | B54: Ánimo, soy yo | H54: Do | J54: OK | M54: Ain Karem | N54: Con Él la fiesta empezó | O54: 10 | P54: 2008 | Q54: {=IF(OR(CantoralDB[[#This Row],[Autor]]="Taizé en español",CantoralDB[[#This Row],[Autor]]="Taizé original",CantoralDB[[#This Row],[Autor]]="Taizé"),"taize", IFERROR(_xlfn.XLOOKUP(CantoralDB[[#This Row],[Autor]],_xlfn.CHOOSECOLS(_xlfn.ANCHORARRAY(secciones!$A$3),1),_xlfn.CHOOSECOLS(_xlfn.ANCHORARRAY(secciones!$A$3),2)), IF(OR(CantoralDB[[#This Row],[Número antiguo]]<>"",CantoralDB[[#This Row],[Número]]<>""),"nsb","nuevas" )))} -> ain_karem | R54: {=IF(CantoralDB[[#This Row],[Autor]]="Taizé original","taize_orig", IF(CantoralDB[[#This Row],[Autor]]="Taizé en español","taize_esp", IF(CantoralDB[[#This Row],[Autor]]="Villancicos","villancicos", IF(OR(CantoralDB[[#This Row],[Número antiguo]]<>"",CantoralDB[[#This Row],[Número]]<>""),"nsb", IF(CantoralDB[[#This Row],[Número RCC]]<>"","rcce", IFERROR(_xlfn.XLOOKUP(CantoralDB[[#This Row],[Autor]],_xlfn.CHOOSECOLS(_xlfn.ANCHORARRAY(secciones!$A$3),1),_xlfn.CHOOSECOLS(_xlfn.ANCHORARRAY(secciones!$A$3),2)),"nuevas") )))))} -> ain_karem | S54: ="canciones/"&CantoralDB[[#This Row],[Carpeta]]&"/"&IF(CantoralDB[[#This Row],[Autor]]="Taizé en español", SUBSTITUTE(SUBSTITUTE(SUBSTITUTE(SUBSTITUTE(SUBSTITUTE(SUBSTITUTE(SUBSTITUTE(SUBSTITUTE(SUBSTITUTE(SUBSTITUTE(SUBSTITUTE(LOWER(CantoralDB[[#This Row],[Linked]]),"á","a"),"é","e"),"í","i"),"ó","o"),"ú","u")," ","_"),"¿",""),"?",""),"¡",""),"!",""),",","")&".html", SUBSTITUTE(SUBSTITUTE(SUBSTITUTE(SUBSTITUTE(SUBSTITUTE(SUBSTITUTE(SUBSTITUTE(SUBSTITUTE(SUBSTITUTE(SUBSTITUTE(SUBSTITUTE(LOWER(CantoralDB[[#This Row],[Título]]),"á","a"),"é","e"),"í","i"),"ó","o"),"ú","u")," ","_"),"¿",""),"?",""),"¡",""),"!",""),",","")&".html") -> canciones/ain_karem/animo_soy_yo.html | V54: https://www.youtube.com/watch?v=ys9P9JlWpAI | W54: =IF(CantoralDB[[#This Row],[Linked]]="X","","<li"& IF(CantoralDB[[#This Row],[Autor]]="-",""," data-author="""&CantoralDB[[#This Row],[Autor]]&"""")& IF(ISBLANK(CantoralDB[[#This Row],[Momento]]),""," data-momento="""&CantoralDB[[#This Row],[Momento]]&"""")& IF(ISBLANK(CantoralDB[[#This Row],[Número]]),""," data-nnew="""&CantoralDB[[#This Row],[Número]]&"""")& IF(ISBLANK(CantoralDB[[#This Row],[Número antiguo]]),""," data-nold="""&CantoralDB[[#This Row],[Número antiguo]]&"""")& IF(ISBLANK(CantoralDB[[#This Row],[Número RCC]]),""," data-nrcc="""&CantoralDB[[#This Row],[Número RCC]]&"""")& "><a href="""&CantoralDB[[#This Row],[Ruta]]&""">"&CantoralDB[[#This Row],[Título]]&"</a></li>") -> <li data-author="Ain Karem"><a href="canciones/ain_karem/animo_soy_yo.html">Ánimo, soy yo</a></li> | X54: =_xlfn.TEXTBEFORE(_xlfn.TEXTAFTER(CantoralDB[[#This Row],[index.html]],">"),">")&">" -> <a href="canciones/ain_karem/animo_soy_yo.html">
A55: =ROW(CantoralDB[[#This Row],[Título]])-1 -> 54 | B55: Santo | H55: Do | J55: OK | M55: Ain Karem | N55: Con Él la fiesta empezó | O55: 11 | P55: 2008 | Q55: {=IF(OR(CantoralDB[[#This Row],[Autor]]="Taizé en español",CantoralDB[[#This Row],[Autor]]="Taizé original",CantoralDB[[#This Row],[Autor]]="Taizé"),"taize", IFERROR(_xlfn.XLOOKUP(CantoralDB[[#This Row],[Autor]],_xlfn.CHOOSECOLS(_xlfn.ANCHORARRAY(secciones!$A$3),1),_xlfn.CHOOSECOLS(_xlfn.ANCHORARRAY(secciones!$A$3),2)), IF(OR(CantoralDB[[#This Row],[Número antiguo]]<>"",CantoralDB[[#This Row],[Número]]<>""),"nsb","nuevas" )))} -> ain_karem | R55: {=IF(CantoralDB[[#This Row],[Autor]]="Taizé original","taize_orig", IF(CantoralDB[[#This Row],[Autor]]="Taizé en español","taize_esp", IF(CantoralDB[[#This Row],[Autor]]="Villancicos","villancicos", IF(OR(CantoralDB[[#This Row],[Número antiguo]]<>"",CantoralDB[[#This Row],[Número]]<>""),"nsb", IF(CantoralDB[[#This Row],[Número RCC]]<>"","rcce", IFERROR(_xlfn.XLOOKUP(CantoralDB[[#This Row],[Autor]],_xlfn.CHOOSECOLS(_xlfn.ANCHORARRAY(secciones!$A$3),1),_xlfn.CHOOSECOLS(_xlfn.ANCHORARRAY(secciones!$A$3),2)),"nuevas") )))))} -> ain_karem | S55: ="canciones/"&CantoralDB[[#This Row],[Carpeta]]&"/"&IF(CantoralDB[[#This Row],[Autor]]="Taizé en español", SUBSTITUTE(SUBSTITUTE(SUBSTITUTE(SUBSTITUTE(SUBSTITUTE(SUBSTITUTE(SUBSTITUTE(SUBSTITUTE(SUBSTITUTE(SUBSTITUTE(SUBSTITUTE(LOWER(CantoralDB[[#This Row],[Linked]]),"á","a"),"é","e"),"í","i"),"ó","o"),"ú","u")," ","_"),"¿",""),"?",""),"¡",""),"!",""),",","")&".html", SUBSTITUTE(SUBSTITUTE(SUBSTITUTE(SUBSTITUTE(SUBSTITUTE(SUBSTITUTE(SUBSTITUTE(SUBSTITUTE(SUBSTITUTE(SUBSTITUTE(SUBSTITUTE(LOWER(CantoralDB[[#This Row],[Título]]),"á","a"),"é","e"),"í","i"),"ó","o"),"ú","u")," ","_"),"¿",""),"?",""),"¡",""),"!",""),",","")&".html") -> canciones/ain_karem/santo.html | V55: https://www.youtube.com/watch?v=QWTEC0j2zlc | W55: =IF(CantoralDB[[#This Row],[Linked]]="X","","<li"& IF(CantoralDB[[#This Row],[Autor]]="-",""," data-author="""&CantoralDB[[#This Row],[Autor]]&"""")& IF(ISBLANK(CantoralDB[[#This Row],[Momento]]),""," data-momento="""&CantoralDB[[#This Row],[Momento]]&"""")& IF(ISBLANK(CantoralDB[[#This Row],[Número]]),""," data-nnew="""&CantoralDB[[#This Row],[Número]]&"""")& IF(ISBLANK(CantoralDB[[#This Row],[Número antiguo]]),""," data-nold="""&CantoralDB[[#This Row],[Número antiguo]]&"""")& IF(ISBLANK(CantoralDB[[#This Row],[Número RCC]]),""," data-nrcc="""&CantoralDB[[#This Row],[Número RCC]]&"""")& "><a href="""&CantoralDB[[#This Row],[Ruta]]&""">"&CantoralDB[[#This Row],[Título]]&"</a></li>") -> <li data-author="Ain Karem"><a href="canciones/ain_karem/santo.html">Santo</a></li> | X55: =_xlfn.TEXTBEFORE(_xlfn.TEXTAFTER(CantoralDB[[#This Row],[index.html]],">"),">")&">" -> <a href="canciones/ain_karem/santo.html">
A56: =ROW(CantoralDB[[#This Row],[Título]])-1 -> 55 | B56: La mujer del perfume | H56: Mi | J56: OK | M56: Ain Karem | N56: Con Él la fiesta empezó | O56: 12 | P56: 2008 | Q56: {=IF(OR(CantoralDB[[#This Row],[Autor]]="Taizé en español",CantoralDB[[#This Row],[Autor]]="Taizé original",CantoralDB[[#This Row],[Autor]]="Taizé"),"taize", IFERROR(_xlfn.XLOOKUP(CantoralDB[[#This Row],[Autor]],_xlfn.CHOOSECOLS(_xlfn.ANCHORARRAY(secciones!$A$3),1),_xlfn.CHOOSECOLS(_xlfn.ANCHORARRAY(secciones!$A$3),2)), IF(OR(CantoralDB[[#This Row],[Número antiguo]]<>"",CantoralDB[[#This Row],[Número]]<>""),"nsb","nuevas" )))} -> ain_karem | R56: {=IF(CantoralDB[[#This Row],[Autor]]="Taizé original","taize_orig", IF(CantoralDB[[#This Row],[Autor]]="Taizé en español","taize_esp", IF(CantoralDB[[#This Row],[Autor]]="Villancicos","villancicos", IF(OR(CantoralDB[[#This Row],[Número antiguo]]<>"",CantoralDB[[#This Row],[Número]]<>""),"nsb", IF(CantoralDB[[#This Row],[Número RCC]]<>"","rcce", IFERROR(_xlfn.XLOOKUP(CantoralDB[[#This Row],[Autor]],_xlfn.CHOOSECOLS(_xlfn.ANCHORARRAY(secciones!$A$3),1),_xlfn.CHOOSECOLS(_xlfn.ANCHORARRAY(secciones!$A$3),2)),"nuevas") )))))} -> ain_karem | S56: ="canciones/"&CantoralDB[[#This Row],[Carpeta]]&"/"&IF(CantoralDB[[#This Row],[Autor]]="Taizé en español", SUBSTITUTE(SUBSTITUTE(SUBSTITUTE(SUBSTITUTE(SUBSTITUTE(SUBSTITUTE(SUBSTITUTE(SUBSTITUTE(SUBSTITUTE(SUBSTITUTE(SUBSTITUTE(LOWER(CantoralDB[[#This Row],[Linked]]),"á","a"),"é","e"),"í","i"),"ó","o"),"ú","u")," ","_"),"¿",""),"?",""),"¡",""),"!",""),",","")&".html", SUBSTITUTE(SUBSTITUTE(SUBSTITUTE(SUBSTITUTE(SUBSTITUTE(SUBSTITUTE(SUBSTITUTE(SUBSTITUTE(SUBSTITUTE(SUBSTITUTE(SUBSTITUTE(LOWER(CantoralDB[[#This Row],[Título]]),"á","a"),"é","e"),"í","i"),"ó","o"),"ú","u")," ","_"),"¿",""),"?",""),"¡",""),"!",""),",","")&".html") -> canciones/ain_karem/la_mujer_del_perfume.html | V56: https://www.youtube.com/watch?v=EPtnds2jpnA | W56: =IF(CantoralDB[[#This Row],[Linked]]="X","","<li"& IF(CantoralDB[[#This Row],[Autor]]="-",""," data-author="""&CantoralDB[[#This Row],[Autor]]&"""")& IF(ISBLANK(CantoralDB[[#This Row],[Momento]]),""," data-momento="""&CantoralDB[[#This Row],[Momento]]&"""")& IF(ISBLANK(CantoralDB[[#This Row],[Número]]),""," data-nnew="""&CantoralDB[[#This Row],[Número]]&"""")& IF(ISBLANK(CantoralDB[[#This Row],[Número antiguo]]),""," data-nold="""&CantoralDB[[#This Row],[Número antiguo]]&"""")& IF(ISBLANK(CantoralDB[[#This Row],[Número RCC]]),""," data-nrcc="""&CantoralDB[[#This Row],[Número RCC]]&"""")& "><a href="""&CantoralDB[[#This Row],[Ruta]]&""">"&CantoralDB[[#This Row],[Título]]&"</a></li>") -> <li data-author="Ain Karem"><a href="canciones/ain_karem/la_mujer_del_perfume.html">La mujer del perfume</a></li> | X56: =_xlfn.TEXTBEFORE(_xlfn.TEXTAFTER(CantoralDB[[#This Row],[index.html]],">"),">")&">" -> <a href="canciones/ain_karem/la_mujer_del_perfume.html">
A57: =ROW(CantoralDB[[#This Row],[Título]])-1 -> 56 | B57: Para estar contigo | H57: La | I57: cej4 | J57: OK | M57: Ain Karem | N57: Con Él la fiesta empezó | O57: 13 | P57: 2008 | Q57: {=IF(OR(CantoralDB[[#This Row],[Autor]]="Taizé en español",CantoralDB[[#This Row],[Autor]]="Taizé original",CantoralDB[[#This Row],[Autor]]="Taizé"),"taize", IFERROR(_xlfn.XLOOKUP(CantoralDB[[#This Row],[Autor]],_xlfn.CHOOSECOLS(_xlfn.ANCHORARRAY(secciones!$A$3),1),_xlfn.CHOOSECOLS(_xlfn.ANCHORARRAY(secciones!$A$3),2)), IF(OR(CantoralDB[[#This Row],[Número antiguo]]<>"",CantoralDB[[#This Row],[Número]]<>""),"nsb","nuevas" )))} -> ain_karem | R57: {=IF(CantoralDB[[#This Row],[Autor]]="Taizé original","taize_orig", IF(CantoralDB[[#This Row],[Autor]]="Taizé en español","taize_esp", IF(CantoralDB[[#This Row],[Autor]]="Villancicos","villancicos", IF(OR(CantoralDB[[#This Row],[Número antiguo]]<>"",CantoralDB[[#This Row],[Número]]<>""),"nsb", IF(CantoralDB[[#This Row],[Número RCC]]<>"","rcce", IFERROR(_xlfn.XLOOKUP(CantoralDB[[#This Row],[Autor]],_xlfn.CHOOSECOLS(_xlfn.ANCHORARRAY(secciones!$A$3),1),_xlfn.CHOOSECOLS(_xlfn.ANCHORARRAY(secciones!$A$3),2)),"nuevas") )))))} -> ain_karem | S57: ="canciones/"&CantoralDB[[#This Row],[Carpeta]]&"/"&IF(CantoralDB[[#This Row],[Autor]]="Taizé en español", SUBSTITUTE(SUBSTITUTE(SUBSTITUTE(SUBSTITUTE(SUBSTITUTE(SUBSTITUTE(SUBSTITUTE(SUBSTITUTE(SUBSTITUTE(SUBSTITUTE(SUBSTITUTE(LOWER(CantoralDB[[#This Row],[Linked]]),"á","a"),"é","e"),"í","i"),"ó","o"),"ú","u")," ","_"),"¿",""),"?",""),"¡",""),"!",""),",","")&".html", SUBSTITUTE(SUBSTITUTE(SUBSTITUTE(SUBSTITUTE(SUBSTITUTE(SUBSTITUTE(SUBSTITUTE(SUBSTITUTE(SUBSTITUTE(SUBSTITUTE(SUBSTITUTE(LOWER(CantoralDB[[#This Row],[Título]]),"á","a"),"é","e"),"í","i"),"ó","o"),"ú","u")," ","_"),"¿",""),"?",""),"¡",""),"!",""),",","")&".html") -> canciones/ain_karem/para_estar_contigo.html | V57: https://www.youtube.com/watch?v=M4XFEIgvIkc | W57: =IF(CantoralDB[[#This Row],[Linked]]="X","","<li"& IF(CantoralDB[[#This Row],[Autor]]="-",""," data-author="""&CantoralDB[[#This Row],[Autor]]&"""")& IF(ISBLANK(CantoralDB[[#This Row],[Momento]]),""," data-momento="""&CantoralDB[[#This Row],[Momento]]&"""")& IF(ISBLANK(CantoralDB[[#This Row],[Número]]),""," data-nnew="""&CantoralDB[[#This Row],[Número]]&"""")& IF(ISBLANK(CantoralDB[[#This Row],[Número antiguo]]),""," data-nold="""&CantoralDB[[#This Row],[Número antiguo]]&"""")& IF(ISBLANK(CantoralDB[[#This Row],[Número RCC]]),""," data-nrcc="""&CantoralDB[[#This Row],[Número RCC]]&"""")& "><a href="""&CantoralDB[[#This Row],[Ruta]]&""">"&CantoralDB[[#This Row],[Título]]&"</a></li>") -> <li data-author="Ain Karem"><a href="canciones/ain_karem/para_estar_contigo.html">Para estar contigo</a></li> | X57: =_xlfn.TEXTBEFORE(_xlfn.TEXTAFTER(CantoralDB[[#This Row],[index.html]],">"),">")&">" -> <a href="canciones/ain_karem/para_estar_contigo.html">
A58: =ROW(CantoralDB[[#This Row],[Título]])-1 -> 57 | B58: Samaritano | H58: La | I58: cej2 | J58: OK | M58: Ain Karem | N58: Con Él la fiesta empezó | O58: 14 | P58: 2008 | Q58: {=IF(OR(CantoralDB[[#This Row],[Autor]]="Taizé en español",CantoralDB[[#This Row],[Autor]]="Taizé original",CantoralDB[[#This Row],[Autor]]="Taizé"),"taize", IFERROR(_xlfn.XLOOKUP(CantoralDB[[#This Row],[Autor]],_xlfn.CHOOSECOLS(_xlfn.ANCHORARRAY(secciones!$A$3),1),_xlfn.CHOOSECOLS(_xlfn.ANCHORARRAY(secciones!$A$3),2)), IF(OR(CantoralDB[[#This Row],[Número antiguo]]<>"",CantoralDB[[#This Row],[Número]]<>""),"nsb","nuevas" )))} -> ain_karem | R58: {=IF(CantoralDB[[#This Row],[Autor]]="Taizé original","taize_orig", IF(CantoralDB[[#This Row],[Autor]]="Taizé en español","taize_esp", IF(CantoralDB[[#This Row],[Autor]]="Villancicos","villancicos", IF(OR(CantoralDB[[#This Row],[Número antiguo]]<>"",CantoralDB[[#This Row],[Número]]<>""),"nsb", IF(CantoralDB[[#This Row],[Número RCC]]<>"","rcce", IFERROR(_xlfn.XLOOKUP(CantoralDB[[#This Row],[Autor]],_xlfn.CHOOSECOLS(_xlfn.ANCHORARRAY(secciones!$A$3),1),_xlfn.CHOOSECOLS(_xlfn.ANCHORARRAY(secciones!$A$3),2)),"nuevas") )))))} -> ain_karem | S58: ="canciones/"&CantoralDB[[#This Row],[Carpeta]]&"/"&IF(CantoralDB[[#This Row],[Autor]]="Taizé en español", SUBSTITUTE(SUBSTITUTE(SUBSTITUTE(SUBSTITUTE(SUBSTITUTE(SUBSTITUTE(SUBSTITUTE(SUBSTITUTE(SUBSTITUTE(SUBSTITUTE(SUBSTITUTE(LOWER(CantoralDB[[#This Row],[Linked]]),"á","a"),"é","e"),"í","i"),"ó","o"),"ú","u")," ","_"),"¿",""),"?",""),"¡",""),"!",""),",","")&".html", SUBSTITUTE(SUBSTITUTE(SUBSTITUTE(SUBSTITUTE(SUBSTITUTE(SUBSTITUTE(SUBSTITUTE(SUBSTITUTE(SUBSTITUTE(SUBSTITUTE(SUBSTITUTE(LOWER(CantoralDB[[#This Row],[Título]]),"á","a"),"é","e"),"í","i"),"ó","o"),"ú","u")," ","_"),"¿",""),"?",""),"¡",""),"!",""),",","")&".html") -> canciones/ain_karem/samaritano.html | V58: https://www.youtube.com/watch?v=WD16YktIWxw | W58: =IF(CantoralDB[[#This Row],[Linked]]="X","","<li"& IF(CantoralDB[[#This Row],[Autor]]="-",""," data-author="""&CantoralDB[[#This Row],[Autor]]&"""")& IF(ISBLANK(CantoralDB[[#This Row],[Momento]]),""," data-momento="""&CantoralDB[[#This Row],[Momento]]&"""")& IF(ISBLANK(CantoralDB[[#This Row],[Número]]),""," data-nnew="""&CantoralDB[[#This Row],[Número]]&"""")& IF(ISBLANK(CantoralDB[[#This Row],[Número antiguo]]),""," data-nold="""&CantoralDB[[#This Row],[Número antiguo]]&"""")& IF(ISBLANK(CantoralDB[[#This Row],[Número RCC]]),""," data-nrcc="""&CantoralDB[[#This Row],[Número RCC]]&"""")& "><a href="""&CantoralDB[[#This Row],[Ruta]]&""">"&CantoralDB[[#This Row],[Título]]&"</a></li>") -> <li data-author="Ain Karem"><a href="canciones/ain_karem/samaritano.html">Samaritano</a></li> | X58: =_xlfn.TEXTBEFORE(_xlfn.TEXTAFTER(CantoralDB[[#This Row],[index.html]],">"),">")&">" -> <a href="canciones/ain_karem/samaritano.html">
A59: =ROW(CantoralDB[[#This Row],[Título]])-1 -> 58 | B59: No hay fronteras | H59: Sol | I59: cej1 | J59: OK | M59: Ain Karem | N59: Con Él la fiesta empezó | O59: 15 | P59: 2008 | Q59: {=IF(OR(CantoralDB[[#This Row],[Autor]]="Taizé en español",CantoralDB[[#This Row],[Autor]]="Taizé original",CantoralDB[[#This Row],[Autor]]="Taizé"),"taize", IFERROR(_xlfn.XLOOKUP(CantoralDB[[#This Row],[Autor]],_xlfn.CHOOSECOLS(_xlfn.ANCHORARRAY(secciones!$A$3),1),_xlfn.CHOOSECOLS(_xlfn.ANCHORARRAY(secciones!$A$3),2)), IF(OR(CantoralDB[[#This Row],[Número antiguo]]<>"",CantoralDB[[#This Row],[Número]]<>""),"nsb","nuevas" )))} -> ain_karem | R59: {=IF(CantoralDB[[#This Row],[Autor]]="Taizé original","taize_orig", IF(CantoralDB[[#This Row],[Autor]]="Taizé en español","taize_esp", IF(CantoralDB[[#This Row],[Autor]]="Villancicos","villancicos", IF(OR(CantoralDB[[#This Row],[Número antiguo]]<>"",CantoralDB[[#This Row],[Número]]<>""),"nsb", IF(CantoralDB[[#This Row],[Número RCC]]<>"","rcce", IFERROR(_xlfn.XLOOKUP(CantoralDB[[#This Row],[Autor]],_xlfn.CHOOSECOLS(_xlfn.ANCHORARRAY(secciones!$A$3),1),_xlfn.CHOOSECOLS(_xlfn.ANCHORARRAY(secciones!$A$3),2)),"nuevas") )))))} -> ain_karem | S59: ="canciones/"&CantoralDB[[#This Row],[Carpeta]]&"/"&IF(CantoralDB[[#This Row],[Autor]]="Taizé en español", SUBSTITUTE(SUBSTITUTE(SUBSTITUTE(SUBSTITUTE(SUBSTITUTE(SUBSTITUTE(SUBSTITUTE(SUBSTITUTE(SUBSTITUTE(SUBSTITUTE(SUBSTITUTE(LOWER(CantoralDB[[#This Row],[Linked]]),"á","a"),"é","e"),"í","i"),"ó","o"),"ú","u")," ","_"),"¿",""),"?",""),"¡",""),"!",""),",","")&".html", SUBSTITUTE(SUBSTITUTE(SUBSTITUTE(SUBSTITUTE(SUBSTITUTE(SUBSTITUTE(SUBSTITUTE(SUBSTITUTE(SUBSTITUTE(SUBSTITUTE(SUBSTITUTE(LOWER(CantoralDB[[#This Row],[Título]]),"á","a"),"é","e"),"í","i"),"ó","o"),"ú","u")," ","_"),"¿",""),"?",""),"¡",""),"!",""),",","")&".html") -> canciones/ain_karem/no_hay_fronteras.html | V59: https://www.youtube.com/watch?v=wdMoEm9LETQ | W59: =IF(CantoralDB[[#This Row],[Linked]]="X","","<li"& IF(CantoralDB[[#This Row],[Autor]]="-",""," data-author="""&CantoralDB[[#This Row],[Autor]]&"""")& IF(ISBLANK(CantoralDB[[#This Row],[Momento]]),""," data-momento="""&CantoralDB[[#This Row],[Momento]]&"""")& IF(ISBLANK(CantoralDB[[#This Row],[Número]]),""," data-nnew="""&CantoralDB[[#This Row],[Número]]&"""")& IF(ISBLANK(CantoralDB[[#This Row],[Número antiguo]]),""," data-nold="""&CantoralDB[[#This Row],[Número antiguo]]&"""")& IF(ISBLANK(CantoralDB[[#This Row],[Número RCC]]),""," data-nrcc="""&CantoralDB[[#This Row],[Número RCC]]&"""")& "><a href="""&CantoralDB[[#This Row],[Ruta]]&""">"&CantoralDB[[#This Row],[Título]]&"</a></li>") -> <li data-author="Ain Karem"><a href="canciones/ain_karem/no_hay_fronteras.html">No hay fronteras</a></li> | X59: =_xlfn.TEXTBEFORE(_xlfn.TEXTAFTER(CantoralDB[[#This Row],[index.html]],">"),">")&">" -> <a href="canciones/ain_karem/no_hay_fronteras.html">
A60: =ROW(CantoralDB[[#This Row],[Título]])-1 -> 59 | B60: Descálzate | H60: Do | I60: cej4 | J60: OK | M60: Ain Karem | N60: Descálzate | O60: 1 | P60: 2002 | Q60: {=IF(OR(CantoralDB[[#This Row],[Autor]]="Taizé en español",CantoralDB[[#This Row],[Autor]]="Taizé original",CantoralDB[[#This Row],[Autor]]="Taizé"),"taize", IFERROR(_xlfn.XLOOKUP(CantoralDB[[#This Row],[Autor]],_xlfn.CHOOSECOLS(_xlfn.ANCHORARRAY(secciones!$A$3),1),_xlfn.CHOOSECOLS(_xlfn.ANCHORARRAY(secciones!$A$3),2)), IF(OR(CantoralDB[[#This Row],[Número antiguo]]<>"",CantoralDB[[#This Row],[Número]]<>""),"nsb","nuevas" )))} -> ain_karem | R60: {=IF(CantoralDB[[#This Row],[Autor]]="Taizé original","taize_orig", IF(CantoralDB[[#This Row],[Autor]]="Taizé en español","taize_esp", IF(CantoralDB[[#This Row],[Autor]]="Villancicos","villancicos", IF(OR(CantoralDB[[#This Row],[Número antiguo]]<>"",CantoralDB[[#This Row],[Número]]<>""),"nsb", IF(CantoralDB[[#This Row],[Número RCC]]<>"","rcce", IFERROR(_xlfn.XLOOKUP(CantoralDB[[#This Row],[Autor]],_xlfn.CHOOSECOLS(_xlfn.ANCHORARRAY(secciones!$A$3),1),_xlfn.CHOOSECOLS(_xlfn.ANCHORARRAY(secciones!$A$3),2)),"nuevas") )))))} -> ain_karem | S60: ="canciones/"&CantoralDB[[#This Row],[Carpeta]]&"/"&IF(CantoralDB[[#This Row],[Autor]]="Taizé en español", SUBSTITUTE(SUBSTITUTE(SUBSTITUTE(SUBSTITUTE(SUBSTITUTE(SUBSTITUTE(SUBSTITUTE(SUBSTITUTE(SUBSTITUTE(SUBSTITUTE(SUBSTITUTE(LOWER(CantoralDB[[#This Row],[Linked]]),"á","a"),"é","e"),"í","i"),"ó","o"),"ú","u")," ","_"),"¿",""),"?",""),"¡",""),"!",""),",","")&".html", SUBSTITUTE(SUBSTITUTE(SUBSTITUTE(SUBSTITUTE(SUBSTITUTE(SUBSTITUTE(SUBSTITUTE(SUBSTITUTE(SUBSTITUTE(SUBSTITUTE(SUBSTITUTE(LOWER(CantoralDB[[#This Row],[Título]]),"á","a"),"é","e"),"í","i"),"ó","o"),"ú","u")," ","_"),"¿",""),"?",""),"¡",""),"!",""),",","")&".html") -> canciones/ain_karem/descalzate.html | V60: https://www.youtube.com/watch?v=SuhUIQHbI3s | W60: =IF(CantoralDB[[#This Row],[Linked]]="X","","<li"& IF(CantoralDB[[#This Row],[Autor]]="-",""," data-author="""&CantoralDB[[#This Row],[Autor]]&"""")& IF(ISBLANK(CantoralDB[[#This Row],[Momento]]),""," data-momento="""&CantoralDB[[#This Row],[Momento]]&"""")& IF(ISBLANK(CantoralDB[[#This Row],[Número]]),""," data-nnew="""&CantoralDB[[#This Row],[Número]]&"""")& IF(ISBLANK(CantoralDB[[#This Row],[Número antiguo]]),""," data-nold="""&CantoralDB[[#This Row],[Número antiguo]]&"""")& IF(ISBLANK(CantoralDB[[#This Row],[Número RCC]]),""," data-nrcc="""&CantoralDB[[#This Row],[Número RCC]]&"""")& "><a href="""&CantoralDB[[#This Row],[Ruta]]&""">"&CantoralDB[[#This Row],[Título]]&"</a></li>") -> <li data-author="Ain Karem"><a href="canciones/ain_karem/descalzate.html">Descálzate</a></li> | X60: =_xlfn.TEXTBEFORE(_xlfn.TEXTAFTER(CantoralDB[[#This Row],[index.html]],">"),">")&">" -> <a href="canciones/ain_karem/descalzate.html">
A61: =ROW(CantoralDB[[#This Row],[Título]])-1 -> 60 | B61: La vid verdadera | H61: La | I61: cej2 | J61: OK | M61: Ain Karem | N61: Descálzate | O61: 2 | P61: 2002 | Q61: {=IF(OR(CantoralDB[[#This Row],[Autor]]="Taizé en español",CantoralDB[[#This Row],[Autor]]="Taizé original",CantoralDB[[#This Row],[Autor]]="Taizé"),"taize", IFERROR(_xlfn.XLOOKUP(CantoralDB[[#This Row],[Autor]],_xlfn.CHOOSECOLS(_xlfn.ANCHORARRAY(secciones!$A$3),1),_xlfn.CHOOSECOLS(_xlfn.ANCHORARRAY(secciones!$A$3),2)), IF(OR(CantoralDB[[#This Row],[Número antiguo]]<>"",CantoralDB[[#This Row],[Número]]<>""),"nsb","nuevas" )))} -> ain_karem | R61: {=IF(CantoralDB[[#This Row],[Autor]]="Taizé original","taize_orig", IF(CantoralDB[[#This Row],[Autor]]="Taizé en español","taize_esp", IF(CantoralDB[[#This Row],[Autor]]="Villancicos","villancicos", IF(OR(CantoralDB[[#This Row],[Número antiguo]]<>"",CantoralDB[[#This Row],[Número]]<>""),"nsb", IF(CantoralDB[[#This Row],[Número RCC]]<>"","rcce", IFERROR(_xlfn.XLOOKUP(CantoralDB[[#This Row],[Autor]],_xlfn.CHOOSECOLS(_xlfn.ANCHORARRAY(secciones!$A$3),1),_xlfn.CHOOSECOLS(_xlfn.ANCHORARRAY(secciones!$A$3),2)),"nuevas") )))))} -> ain_karem | S61: ="canciones/"&CantoralDB[[#This Row],[Carpeta]]&"/"&IF(CantoralDB[[#This Row],[Autor]]="Taizé en español", SUBSTITUTE(SUBSTITUTE(SUBSTITUTE(SUBSTITUTE(SUBSTITUTE(SUBSTITUTE(SUBSTITUTE(SUBSTITUTE(SUBSTITUTE(SUBSTITUTE(SUBSTITUTE(LOWER(CantoralDB[[#This Row],[Linked]]),"á","a"),"é","e"),"í","i"),"ó","o"),"ú","u")," ","_"),"¿",""),"?",""),"¡",""),"!",""),",","")&".html", SUBSTITUTE(SUBSTITUTE(SUBSTITUTE(SUBSTITUTE(SUBSTITUTE(SUBSTITUTE(SUBSTITUTE(SUBSTITUTE(SUBSTITUTE(SUBSTITUTE(SUBSTITUTE(LOWER(CantoralDB[[#This Row],[Título]]),"á","a"),"é","e"),"í","i"),"ó","o"),"ú","u")," ","_"),"¿",""),"?",""),"¡",""),"!",""),",","")&".html") -> canciones/ain_karem/la_vid_verdadera.html | V61: https://www.youtube.com/watch?v=tBiFnURhKtg | W61: =IF(CantoralDB[[#This Row],[Linked]]="X","","<li"& IF(CantoralDB[[#This Row],[Autor]]="-",""," data-author="""&CantoralDB[[#This Row],[Autor]]&"""")& IF(ISBLANK(CantoralDB[[#This Row],[Momento]]),""," data-momento="""&CantoralDB[[#This Row],[Momento]]&"""")& IF(ISBLANK(CantoralDB[[#This Row],[Número]]),""," data-nnew="""&CantoralDB[[#This Row],[Número]]&"""")& IF(ISBLANK(CantoralDB[[#This Row],[Número antiguo]]),""," data-nold="""&CantoralDB[[#This Row],[Número antiguo]]&"""")& IF(ISBLANK(CantoralDB[[#This Row],[Número RCC]]),""," data-nrcc="""&CantoralDB[[#This Row],[Número RCC]]&"""")& "><a href="""&CantoralDB[[#This Row],[Ruta]]&""">"&CantoralDB[[#This Row],[Título]]&"</a></li>") -> <li data-author="Ain Karem"><a href="canciones/ain_karem/la_vid_verdadera.html">La vid verdadera</a></li> | X61: =_xlfn.TEXTBEFORE(_xlfn.TEXTAFTER(CantoralDB[[#This Row],[index.html]],">"),">")&">" -> <a href="canciones/ain_karem/la_vid_verdadera.html">
A62: =ROW(CantoralDB[[#This Row],[Título]])-1 -> 61 | B62: Ven, Espíritu de Dios | H62: Do | I62: cej2 | J62: OK | M62: Ain Karem | N62: Descálzate | O62: 3 | P62: 2002 | Q62: {=IF(OR(CantoralDB[[#This Row],[Autor]]="Taizé en español",CantoralDB[[#This Row],[Autor]]="Taizé original",CantoralDB[[#This Row],[Autor]]="Taizé"),"taize", IFERROR(_xlfn.XLOOKUP(CantoralDB[[#This Row],[Autor]],_xlfn.CHOOSECOLS(_xlfn.ANCHORARRAY(secciones!$A$3),1),_xlfn.CHOOSECOLS(_xlfn.ANCHORARRAY(secciones!$A$3),2)), IF(OR(CantoralDB[[#This Row],[Número antiguo]]<>"",CantoralDB[[#This Row],[Número]]<>""),"nsb","nuevas" )))} -> ain_karem | R62: {=IF(CantoralDB[[#This Row],[Autor]]="Taizé original","taize_orig", IF(CantoralDB[[#This Row],[Autor]]="Taizé en español","taize_esp", IF(CantoralDB[[#This Row],[Autor]]="Villancicos","villancicos", IF(OR(CantoralDB[[#This Row],[Número antiguo]]<>"",CantoralDB[[#This Row],[Número]]<>""),"nsb", IF(CantoralDB[[#This Row],[Número RCC]]<>"","rcce", IFERROR(_xlfn.XLOOKUP(CantoralDB[[#This Row],[Autor]],_xlfn.CHOOSECOLS(_xlfn.ANCHORARRAY(secciones!$A$3),1),_xlfn.CHOOSECOLS(_xlfn.ANCHORARRAY(secciones!$A$3),2)),"nuevas") )))))} -> ain_karem | S62: ="canciones/"&CantoralDB[[#This Row],[Carpeta]]&"/"&IF(CantoralDB[[#This Row],[Autor]]="Taizé en español", SUBSTITUTE(SUBSTITUTE(SUBSTITUTE(SUBSTITUTE(SUBSTITUTE(SUBSTITUTE(SUBSTITUTE(SUBSTITUTE(SUBSTITUTE(SUBSTITUTE(SUBSTITUTE(LOWER(CantoralDB[[#This Row],[Linked]]),"á","a"),"é","e"),"í","i"),"ó","o"),"ú","u")," ","_"),"¿",""),"?",""),"¡",""),"!",""),",","")&".html", SUBSTITUTE(SUBSTITUTE(SUBSTITUTE(SUBSTITUTE(SUBSTITUTE(SUBSTITUTE(SUBSTITUTE(SUBSTITUTE(SUBSTITUTE(SUBSTITUTE(SUBSTITUTE(LOWER(CantoralDB[[#This Row],[Título]]),"á","a"),"é","e"),"í","i"),"ó","o"),"ú","u")," ","_"),"¿",""),"?",""),"¡",""),"!",""),",","")&".html") -> canciones/ain_karem/ven_espiritu_de_dios.html | V62: https://www.youtube.com/watch?v=9MdsXtTJ_zk | W62: =IF(CantoralDB[[#This Row],[Linked]]="X","","<li"& IF(CantoralDB[[#This Row],[Autor]]="-",""," data-author="""&CantoralDB[[#This Row],[Autor]]&"""")& IF(ISBLANK(CantoralDB[[#This Row],[Momento]]),""," data-momento="""&CantoralDB[[#This Row],[Momento]]&"""")& IF(ISBLANK(CantoralDB[[#This Row],[Número]]),""," data-nnew="""&CantoralDB[[#This Row],[Número]]&"""")& IF(ISBLANK(CantoralDB[[#This Row],[Número antiguo]]),""," data-nold="""&CantoralDB[[#This Row],[Número antiguo]]&"""")& IF(ISBLANK(CantoralDB[[#This Row],[Número RCC]]),""," data-nrcc="""&CantoralDB[[#This Row],[Número RCC]]&"""")& "><a href="""&CantoralDB[[#This Row],[Ruta]]&""">"&CantoralDB[[#This Row],[Título]]&"</a></li>") -> <li data-author="Ain Karem"><a href="canciones/ain_karem/ven_espiritu_de_dios.html">Ven, Espíritu de Dios</a></li> | X62: =_xlfn.TEXTBEFORE(_xlfn.TEXTAFTER(CantoralDB[[#This Row],[index.html]],">"),">")&">" -> <a href="canciones/ain_karem/ven_espiritu_de_dios.html">
A63: =ROW(CantoralDB[[#This Row],[Título]])-1 -> 62 | B63: Realidad | H63: Sol | I63: cej2 | J63: OK | M63: Ain Karem | N63: Descálzate | O63: 4 | P63: 2002 | Q63: {=IF(OR(CantoralDB[[#This Row],[Autor]]="Taizé en español",CantoralDB[[#This Row],[Autor]]="Taizé original",CantoralDB[[#This Row],[Autor]]="Taizé"),"taize", IFERROR(_xlfn.XLOOKUP(CantoralDB[[#This Row],[Autor]],_xlfn.CHOOSECOLS(_xlfn.ANCHORARRAY(secciones!$A$3),1),_xlfn.CHOOSECOLS(_xlfn.ANCHORARRAY(secciones!$A$3),2)), IF(OR(CantoralDB[[#This Row],[Número antiguo]]<>"",CantoralDB[[#This Row],[Número]]<>""),"nsb","nuevas" )))} -> ain_karem | R63: {=IF(CantoralDB[[#This Row],[Autor]]="Taizé original","taize_orig", IF(CantoralDB[[#This Row],[Autor]]="Taizé en español","taize_esp", IF(CantoralDB[[#This Row],[Autor]]="Villancicos","villancicos", IF(OR(CantoralDB[[#This Row],[Número antiguo]]<>"",CantoralDB[[#This Row],[Número]]<>""),"nsb", IF(CantoralDB[[#This Row],[Número RCC]]<>"","rcce", IFERROR(_xlfn.XLOOKUP(CantoralDB[[#This Row],[Autor]],_xlfn.CHOOSECOLS(_xlfn.ANCHORARRAY(secciones!$A$3),1),_xlfn.CHOOSECOLS(_xlfn.ANCHORARRAY(secciones!$A$3),2)),"nuevas") )))))} -> ain_karem | S63: ="canciones/"&CantoralDB[[#This Row],[Carpeta]]&"/"&IF(CantoralDB[[#This Row],[Autor]]="Taizé en español", SUBSTITUTE(SUBSTITUTE(SUBSTITUTE(SUBSTITUTE(SUBSTITUTE(SUBSTITUTE(SUBSTITUTE(SUBSTITUTE(SUBSTITUTE(SUBSTITUTE(SUBSTITUTE(LOWER(CantoralDB[[#This Row],[Linked]]),"á","a"),"é","e"),"í","i"),"ó","o"),"ú","u")," ","_"),"¿",""),"?",""),"¡",""),"!",""),",","")&".html", SUBSTITUTE(SUBSTITUTE(SUBSTITUTE(SUBSTITUTE(SUBSTITUTE(SUBSTITUTE(SUBSTITUTE(SUBSTITUTE(SUBSTITUTE(SUBSTITUTE(SUBSTITUTE(LOWER(CantoralDB[[#This Row],[Título]]),"á","a"),"é","e"),"í","i"),"ó","o"),"ú","u")," ","_"),"¿",""),"?",""),"¡",""),"!",""),",","")&".html") -> canciones/ain_karem/realidad.html | V63: https://www.youtube.com/watch?v=nNYwcUQSJcY | W63: =IF(CantoralDB[[#This Row],[Linked]]="X","","<li"& IF(CantoralDB[[#This Row],[Autor]]="-",""," data-author="""&CantoralDB[[#This Row],[Autor]]&"""")& IF(ISBLANK(CantoralDB[[#This Row],[Momento]]),""," data-momento="""&CantoralDB[[#This Row],[Momento]]&"""")& IF(ISBLANK(CantoralDB[[#This Row],[Número]]),""," data-nnew="""&CantoralDB[[#This Row],[Número]]&"""")& IF(ISBLANK(CantoralDB[[#This Row],[Número antiguo]]),""," data-nold="""&CantoralDB[[#This Row],[Número antiguo]]&"""")& IF(ISBLANK(CantoralDB[[#This Row],[Número RCC]]),""," data-nrcc="""&CantoralDB[[#This Row],[Número RCC]]&"""")& "><a href="""&CantoralDB[[#This Row],[Ruta]]&""">"&CantoralDB[[#This Row],[Título]]&"</a></li>") -> <li data-author="Ain Karem"><a href="canciones/ain_karem/realidad.html">Realidad</a></li> | X63: =_xlfn.TEXTBEFORE(_xlfn.TEXTAFTER(CantoralDB[[#This Row],[index.html]],">"),">")&">" -> <a href="canciones/ain_karem/realidad.html">
A64: =ROW(CantoralDB[[#This Row],[Título]])-1 -> 63 | B64: Boga mar adentro | H64: La | I64: cej2 | J64: OK | M64: Ain Karem | N64: Descálzate | O64: 5 | P64: 2002 | Q64: {=IF(OR(CantoralDB[[#This Row],[Autor]]="Taizé en español",CantoralDB[[#This Row],[Autor]]="Taizé original",CantoralDB[[#This Row],[Autor]]="Taizé"),"taize", IFERROR(_xlfn.XLOOKUP(CantoralDB[[#This Row],[Autor]],_xlfn.CHOOSECOLS(_xlfn.ANCHORARRAY(secciones!$A$3),1),_xlfn.CHOOSECOLS(_xlfn.ANCHORARRAY(secciones!$A$3),2)), IF(OR(CantoralDB[[#This Row],[Número antiguo]]<>"",CantoralDB[[#This Row],[Número]]<>""),"nsb","nuevas" )))} -> ain_karem | R64: {=IF(CantoralDB[[#This Row],[Autor]]="Taizé original","taize_orig", IF(CantoralDB[[#This Row],[Autor]]="Taizé en español","taize_esp", IF(CantoralDB[[#This Row],[Autor]]="Villancicos","villancicos", IF(OR(CantoralDB[[#This Row],[Número antiguo]]<>"",CantoralDB[[#This Row],[Número]]<>""),"nsb", IF(CantoralDB[[#This Row],[Número RCC]]<>"","rcce", IFERROR(_xlfn.XLOOKUP(CantoralDB[[#This Row],[Autor]],_xlfn.CHOOSECOLS(_xlfn.ANCHORARRAY(secciones!$A$3),1),_xlfn.CHOOSECOLS(_xlfn.ANCHORARRAY(secciones!$A$3),2)),"nuevas") )))))} -> ain_karem | S64: ="canciones/"&CantoralDB[[#This Row],[Carpeta]]&"/"&IF(CantoralDB[[#This Row],[Autor]]="Taizé en español", SUBSTITUTE(SUBSTITUTE(SUBSTITUTE(SUBSTITUTE(SUBSTITUTE(SUBSTITUTE(SUBSTITUTE(SUBSTITUTE(SUBSTITUTE(SUBSTITUTE(SUBSTITUTE(LOWER(CantoralDB[[#This Row],[Linked]]),"á","a"),"é","e"),"í","i"),"ó","o"),"ú","u")," ","_"),"¿",""),"?",""),"¡",""),"!",""),",","")&".html", SUBSTITUTE(SUBSTITUTE(SUBSTITUTE(SUBSTITUTE(SUBSTITUTE(SUBSTITUTE(SUBSTITUTE(SUBSTITUTE(SUBSTITUTE(SUBSTITUTE(SUBSTITUTE(LOWER(CantoralDB[[#This Row],[Título]]),"á","a"),"é","e"),"í","i"),"ó","o"),"ú","u")," ","_"),"¿",""),"?",""),"¡",""),"!",""),",","")&".html") -> canciones/ain_karem/boga_mar_adentro.html | V64: https://www.youtube.com/watch?v=uMTi9Cd8n0o | W64: =IF(CantoralDB[[#This Row],[Linked]]="X","","<li"& IF(CantoralDB[[#This Row],[Autor]]="-",""," data-author="""&CantoralDB[[#This Row],[Autor]]&"""")& IF(ISBLANK(CantoralDB[[#This Row],[Momento]]),""," data-momento="""&CantoralDB[[#This Row],[Momento]]&"""")& IF(ISBLANK(CantoralDB[[#This Row],[Número]]),""," data-nnew="""&CantoralDB[[#This Row],[Número]]&"""")& IF(ISBLANK(CantoralDB[[#This Row],[Número antiguo]]),""," data-nold="""&CantoralDB[[#This Row],[Número antiguo]]&"""")& IF(ISBLANK(CantoralDB[[#This Row],[Número RCC]]),""," data-nrcc="""&CantoralDB[[#This Row],[Número RCC]]&"""")& "><a href="""&CantoralDB[[#This Row],[Ruta]]&""">"&CantoralDB[[#This Row],[Título]]&"</a></li>") -> <li data-author="Ain Karem"><a href="canciones/ain_karem/boga_mar_adentro.html">Boga mar adentro</a></li> | X64: =_xlfn.TEXTBEFORE(_xlfn.TEXTAFTER(CantoralDB[[#This Row],[index.html]],">"),">")&">" -> <a href="canciones/ain_karem/boga_mar_adentro.html">
A65: =ROW(CantoralDB[[#This Row],[Título]])-1 -> 64 | B65: No tengas miedo | H65: Sol | J65: OK | M65: Ain Karem | N65: Descálzate | O65: 6 | P65: 2002 | Q65: {=IF(OR(CantoralDB[[#This Row],[Autor]]="Taizé en español",CantoralDB[[#This Row],[Autor]]="Taizé original",CantoralDB[[#This Row],[Autor]]="Taizé"),"taize", IFERROR(_xlfn.XLOOKUP(CantoralDB[[#This Row],[Autor]],_xlfn.CHOOSECOLS(_xlfn.ANCHORARRAY(secciones!$A$3),1),_xlfn.CHOOSECOLS(_xlfn.ANCHORARRAY(secciones!$A$3),2)), IF(OR(CantoralDB[[#This Row],[Número antiguo]]<>"",CantoralDB[[#This Row],[Número]]<>""),"nsb","nuevas" )))} -> ain_karem | R65: {=IF(CantoralDB[[#This Row],[Autor]]="Taizé original","taize_orig", IF(CantoralDB[[#This Row],[Autor]]="Taizé en español","taize_esp", IF(CantoralDB[[#This Row],[Autor]]="Villancicos","villancicos", IF(OR(CantoralDB[[#This Row],[Número antiguo]]<>"",CantoralDB[[#This Row],[Número]]<>""),"nsb", IF(CantoralDB[[#This Row],[Número RCC]]<>"","rcce", IFERROR(_xlfn.XLOOKUP(CantoralDB[[#This Row],[Autor]],_xlfn.CHOOSECOLS(_xlfn.ANCHORARRAY(secciones!$A$3),1),_xlfn.CHOOSECOLS(_xlfn.ANCHORARRAY(secciones!$A$3),2)),"nuevas") )))))} -> ain_karem | S65: ="canciones/"&CantoralDB[[#This Row],[Carpeta]]&"/"&IF(CantoralDB[[#This Row],[Autor]]="Taizé en español", SUBSTITUTE(SUBSTITUTE(SUBSTITUTE(SUBSTITUTE(SUBSTITUTE(SUBSTITUTE(SUBSTITUTE(SUBSTITUTE(SUBSTITUTE(SUBSTITUTE(SUBSTITUTE(LOWER(CantoralDB[[#This Row],[Linked]]),"á","a"),"é","e"),"í","i"),"ó","o"),"ú","u")," ","_"),"¿",""),"?",""),"¡",""),"!",""),",","")&".html", SUBSTITUTE(SUBSTITUTE(SUBSTITUTE(SUBSTITUTE(SUBSTITUTE(SUBSTITUTE(SUBSTITUTE(SUBSTITUTE(SUBSTITUTE(SUBSTITUTE(SUBSTITUTE(LOWER(CantoralDB[[#This Row],[Título]]),"á","a"),"é","e"),"í","i"),"ó","o"),"ú","u")," ","_"),"¿",""),"?",""),"¡",""),"!",""),",","")&".html") -> canciones/ain_karem/no_tengas_miedo.html | V65: https://www.youtube.com/watch?v=_YzyoKmsedU | W65: =IF(CantoralDB[[#This Row],[Linked]]="X","","<li"& IF(CantoralDB[[#This Row],[Autor]]="-",""," data-author="""&CantoralDB[[#This Row],[Autor]]&"""")& IF(ISBLANK(CantoralDB[[#This Row],[Momento]]),""," data-momento="""&CantoralDB[[#This Row],[Momento]]&"""")& IF(ISBLANK(CantoralDB[[#This Row],[Número]]),""," data-nnew="""&CantoralDB[[#This Row],[Número]]&"""")& IF(ISBLANK(CantoralDB[[#This Row],[Número antiguo]]),""," data-nold="""&CantoralDB[[#This Row],[Número antiguo]]&"""")& IF(ISBLANK(CantoralDB[[#This Row],[Número RCC]]),""," data-nrcc="""&CantoralDB[[#This Row],[Número RCC]]&"""")& "><a href="""&CantoralDB[[#This Row],[Ruta]]&""">"&CantoralDB[[#This Row],[Título]]&"</a></li>") -> <li data-author="Ain Karem"><a href="canciones/ain_karem/no_tengas_miedo.html">No tengas miedo</a></li> | X65: =_xlfn.TEXTBEFORE(_xlfn.TEXTAFTER(CantoralDB[[#This Row],[index.html]],">"),">")&">" -> <a href="canciones/ain_karem/no_tengas_miedo.html">
